task,stage,view,run_id,arm,pair_id,n_total,m,vendi,subset_low,subset_high,n_subsets
jigsaw-unintended-bias-in-toxicity-classification,solution,solution,20260911_071931_jubias-base-s54,A,,8,2,1.3178389441940759,1.1876557161220724,1.4090275323676866,28
jigsaw-unintended-bias-in-toxicity-classification,solution,solution,20260911_072108_jubias-base-s55,A,,8,2,1.363033146668762,1.1865717570873344,1.5172384101396723,28
jigsaw-unintended-bias-in-toxicity-classification,solution,solution,20260911_072344_jubias-base-s56,A,,11,2,1.3387734012230776,1.163980204662962,1.483240973586855,55
jigsaw-unintended-bias-in-toxicity-classification,solution,solution,20260911_072611_jubias-anaf-s55,F,,14,2,1.370453968972325,1.205537079451556,1.5150684803674264,91
jigsaw-unintended-bias-in-toxicity-classification,solution,solution,20260911_072611_jubias-anaf-s56,F,,11,2,1.3427284242542121,1.1976210619643826,1.4763573939628511,55
jigsaw-unintended-bias-in-toxicity-classification,solution,solution,20260911_072808_jubias-anaf-s54,F,,7,2,1.3569235578580858,1.2325960772730777,1.4603027753955526,21
jigsaw-unintended-bias-in-toxicity-classification,solution,solution,20260911_071931_jubias-base-s54,A,,8,3,1.5000920373121966,1.3692745007966693,1.6253354847464758,56
jigsaw-unintended-bias-in-toxicity-classification,solution,solution,20260911_072108_jubias-base-s55,A,,8,3,1.5783383453447821,1.3935902067087307,1.714717895331922,56
jigsaw-unintended-bias-in-toxicity-classification,solution,solution,20260911_072344_jubias-base-s56,A,,11,3,1.5357804160933108,1.3323361653516341,1.712988155931964,165
jigsaw-unintended-bias-in-toxicity-classification,solution,solution,20260911_072611_jubias-anaf-s55,F,,14,3,1.5940750861984878,1.3995192479579661,1.7841415257784392,364
jigsaw-unintended-bias-in-toxicity-classification,solution,solution,20260911_072611_jubias-anaf-s56,F,,11,3,1.5441099661525997,1.3828422537996632,1.69135799476913,165
jigsaw-unintended-bias-in-toxicity-classification,solution,solution,20260911_072808_jubias-anaf-s54,F,,7,3,1.5703750572686623,1.4582946573257147,1.6753795189840546,35
jigsaw-unintended-bias-in-toxicity-classification,solution,solution,20260911_071931_jubias-base-s54,A,,8,4,1.6249034955498678,1.527444321833921,1.715301305958297,70
jigsaw-unintended-bias-in-toxicity-classification,solution,solution,20260911_072108_jubias-base-s55,A,,8,4,1.7286006079936578,1.5805550549303062,1.8504741368914643,70
jigsaw-unintended-bias-in-toxicity-classification,solution,solution,20260911_072344_jubias-base-s56,A,,11,4,1.6717210677382204,1.4703107200416956,1.8519090228695239,330
jigsaw-unintended-bias-in-toxicity-classification,solution,solution,20260911_072611_jubias-anaf-s55,F,,14,4,1.752381757901011,1.5481022144462777,1.9557810720256876,1000
jigsaw-unintended-bias-in-toxicity-classification,solution,solution,20260911_072611_jubias-anaf-s56,F,,11,4,1.6842872230830166,1.5307181248113682,1.80885476917777,330
jigsaw-unintended-bias-in-toxicity-classification,solution,solution,20260911_072808_jubias-anaf-s54,F,,7,4,1.720716137177585,1.6312123483603997,1.8057362162324482,35
jigsaw-unintended-bias-in-toxicity-classification,solution,solution,20260911_071931_jubias-base-s54,A,,8,5,1.718203850169889,1.6349159560916173,1.7807606718582607,56
jigsaw-unintended-bias-in-toxicity-classification,solution,solution,20260911_072108_jubias-base-s55,A,,8,5,1.8424450440695597,1.712434262097896,1.951127769580355,56
jigsaw-unintended-bias-in-toxicity-classification,solution,solution,20260911_072344_jubias-base-s56,A,,11,5,1.7739508013330947,1.5852293637856187,1.9532305403986152,462
jigsaw-unintended-bias-in-toxicity-classification,solution,solution,20260911_072611_jubias-anaf-s55,F,,14,5,1.8726604300469518,1.671611810726724,2.063954862811044,1000
jigsaw-unintended-bias-in-toxicity-classification,solution,solution,20260911_072611_jubias-anaf-s56,F,,11,5,1.790516186347298,1.6797400525708757,1.915934300906544,462
jigsaw-unintended-bias-in-toxicity-classification,solution,solution,20260911_072808_jubias-anaf-s54,F,,7,5,1.8356914771212005,1.7641336547057849,1.9022773000652682,21
jigsaw-unintended-bias-in-toxicity-classification,solution,solution,20260911_071931_jubias-base-s54,A,,8,6,1.7917145742778544,1.739323563984787,1.8290720425503777,28
jigsaw-unintended-bias-in-toxicity-classification,solution,solution,20260911_072108_jubias-base-s55,A,,8,6,1.9331160260924474,1.8483102318605817,2.0128759575671786,28
jigsaw-unintended-bias-in-toxicity-classification,solution,solution,20260911_072344_jubias-base-s56,A,,11,6,1.8549494734969314,1.682628392147001,2.017745805650679,462
jigsaw-unintended-bias-in-toxicity-classification,solution,solution,20260911_072611_jubias-anaf-s55,F,,14,6,1.9670874611641667,1.776803039313295,2.1735072276590373,1000
jigsaw-unintended-bias-in-toxicity-classification,solution,solution,20260911_072611_jubias-anaf-s56,F,,11,6,1.8753009096139017,1.7669872793160553,1.9806008616094262,462
jigsaw-unintended-bias-in-toxicity-classification,solution,solution,20260911_072808_jubias-anaf-s54,F,,7,6,1.9281268482563754,1.9032632821764952,1.9735277317487945,7
jigsaw-unintended-bias-in-toxicity-classification,solution,solution,20260911_071931_jubias-base-s54,A,,8,7,1.851712954372443,1.8242550374342936,1.8744528254839714,8
jigsaw-unintended-bias-in-toxicity-classification,solution,solution,20260911_072108_jubias-base-s55,A,,8,7,2.0077894236360123,1.965835139443198,2.0675562332456883,8
jigsaw-unintended-bias-in-toxicity-classification,solution,solution,20260911_072344_jubias-base-s56,A,,11,7,1.9214269596150713,1.77196184031524,2.0603819306074596,330
jigsaw-unintended-bias-in-toxicity-classification,solution,solution,20260911_072611_jubias-anaf-s55,F,,14,7,2.0549831825736264,1.873972620763514,2.2516678030838535,1000
jigsaw-unintended-bias-in-toxicity-classification,solution,solution,20260911_072611_jubias-anaf-s56,F,,11,7,1.945387539390596,1.852570898701389,2.032850052452012,330
jigsaw-unintended-bias-in-toxicity-classification,solution,solution,20260911_072808_jubias-anaf-s54,F,,7,7,2.0049731845630574,2.0049731845630574,2.0049731845630574,1
