run_id,candidate_id,arm,original_stage,source_sha256,is_valid,status,title,summary,evidence,error
20260911_071931_jubias-base-s54,03f42164864743d4934497798bda3d09,A,improve,0c8600e6fd5184b4b2473cae9036fbdcc2eee3ba96f81b07e722789c8c5dee38,True,ok,Adversarial DeBERTa Toxicity Classifier,"Comments are Unicode/HTML-normalized, with URLs and users replaced, control characters removed, and whitespace compressed. Twelve robust-scaled text-shape features capture length, casing, punctuation, and identity-term counts. A DeBERTa-v3-large first-token representation is projected and concatenated with a numeric-feature adapter for binary toxicity prediction. A gradient-reversal identity multilabel adversary promotes identity-invariant representations. Training uses positive-weighted toxicity BCE plus 0.08 masked identity BCE, excluding missing identity labels. Rows are sampled with replacement from four toxicity/identity buckets using allocated mass; selected benign identity texts receive identity-word-swap counterfactuals. A Smooth L1 term aligns factual and counterfactual toxicity probabilities. The adversarial scale ramps during training. AdamW uses lower encoder learning rates, AMP, gradient accumulation, clipping, and scaler updates. Inference returns clipped sigmoid toxicity probabilities; validation computes subgroup, BPSN, and BNSP ROC-AUC diagnostics.","[""SOURCE:187-267"", ""SOURCE:269-328"", ""SOURCE:330-416"", ""SOURCE:443-588"", ""SOURCE:591-721"", ""SOURCE:735-787"", ""SOURCE:790-885"", ""SOURCE:914-1087"", ""SOURCE:1090-1159"", ""SOURCE:1161-1320""]",
20260911_071931_jubias-base-s54,1e564bc6a64c4dbd866b4abac2e9b992,A,draft,6bd2b10e8cd1f6059121094bbf41c60c5fb8874087fa3f6557fc03e8bec496b1,False,ok,DeBERTa Toxicity Classifier with Identity-Cell DRO,"The solution normalizes comment text, tokenizes it to 256 tokens, and computes ten standardized structural text features. A two-class DeBERTa-v3-large classifier combines text logits with a LayerNorm-MLP structural-feature adapter through a learned bounded scale. Continuous toxicity labels are thresholded at 0.5. Sample weights balance classes and emphasize identity-related and non-toxic identity examples. Training minimizes weighted global binary cross-entropy plus Group-DRO across four toxicity/identity cells for each selected identity; exponential-moving-average cell losses define softmax group weights. Shuffled, seeded batches use custom collation and drop incomplete batches. AdamW uses separate learning rates for encoder and other parameters, decoupled weight decay, AMP, gradient checkpointing, gradient accumulation, and gradient clipping at norm 1.0. Learning rate follows linear warmup then cosine decay with a 0.25 minimum multiplier. Checkpoints restore model and criterion states. Inference returns the class-1 softmax probability using saved feature-normalization state.","[""SOURCE:119-203"", ""SOURCE:205-257"", ""SOURCE:296-356"", ""SOURCE:359-500"", ""SOURCE:502-540"", ""SOURCE:545-668"", ""SOURCE:711-738"", ""SOURCE:748-791"", ""SOURCE:793-876""]",
20260911_071931_jubias-base-s54,218911ca4aac4aa699f811d116a5be47,A,improve,3dc4e85201315f48ff796d8dba7274113e9af4dbb1f701f076e9ca263bf1f574,True,ok,DeBERTa Toxicity Classifier with Structural Features,"The solution normalizes comments using HTML unescaping, NFKC normalization, tag removal, URL replacement, repeated-punctuation limiting, and whitespace collapsing. It computes and standardizes ten structural features, then combines tokenized text (maximum 256 tokens) with these features in a pretrained DeBERTa-v3-large two-class classifier. Structural features pass through layer normalization and an MLP; their logits are added to encoder logits through a learned bounded scale. Binary cross-entropy is applied to the positive-minus-negative logit difference for continuous toxicity targets. Sample weights balance classes and emphasize identity-related and non-toxic identity examples. The objective combines weighted global loss with Group-DRO over toxicity/identity cells, using EMA cell losses and temperature-softmax group weights. AdamW uses a lower encoder learning rate, linear warm-up then cosine decay, mixed precision, gradient accumulation, and norm-1 clipping. Inference returns softmax probability for class 1; checkpoints retain model, criterion, tokenizer, and feature-normalization state.","[""SOURCE:119-203"", ""SOURCE:205-291"", ""SOURCE:296-356"", ""SOURCE:359-482"", ""SOURCE:506-541"", ""SOURCE:549-678"", ""SOURCE:712-742"", ""SOURCE:752-795"", ""SOURCE:803-880""]",
20260911_071931_jubias-base-s54,49fa616e3a294bd396094aa8132a7fad,A,draft,6c8de2779d06c09bab692c52e68ab431c193189bdbf5087ef8638bc7ceb5a048,True,ok,Adversarial Counterfactual DeBERTa Toxicity Classifier,"Comments undergo Unicode/HTML normalization, URL and user replacement, and whitespace cleanup. Twelve robustly scaled text-shape features are combined with text tokenized to 256 tokens. A DeBERTa-v3-large encoder’s first-token representation is projected and fused with a 96-dimensional numeric-feature adapter to produce a toxicity logit. A gradient-reversed head predicts 24 identity attributes, with its adversarial scale ramped from 0.05 toward 1 across optimizer steps. Training uses continuous toxicity labels and masked missing identity labels; benign identity comments can receive swapped-identity counterfactual text. The loss combines positive-weighted toxicity binary cross-entropy, weighted masked multilabel identity BCE, and, when pairs exist, a weighted Smooth L1 consistency penalty between factual and counterfactual toxicity probabilities. AdamW uses separate backbone and head learning rates with no decay for bias/normalization parameters. AMP, gradient accumulation, norm clipping, and scaler-managed updates are used. Inference applies sigmoid and clips probabilities to [0,1].","[""SOURCE:187-267"", ""SOURCE:269-383"", ""SOURCE:385-608"", ""SOURCE:610-665"", ""SOURCE:677-789"", ""SOURCE:798-818"", ""SOURCE:846-910"", ""SOURCE:921-990"", ""SOURCE:998-1119""]",
20260911_071931_jubias-base-s54,7daab15ebb544fce82ac83a39f073af1,A,improve,c5367cf5b33be6ca9b618c3456083a2d2c88953834a9d59325492930705284fa,True,ok,Bias-Aware ModernBERT Toxicity Classifier,"The solution normalizes comment text by HTML unescaping, NFKC conversion, zero-width-character removal, URL/user replacement, and whitespace collapsing. It combines a ModernBERT first-token embedding with a gated two-layer 128-dimensional encoder for scaled numeric style and lexical features, then predicts toxicity and auxiliary labels. Toxicity targets are binarized at 0.5. Training uses normalized bias-aware example weights and combines weighted toxicity BCE, masked auxiliary BCE, and subgroup BPSN ranking loss aggregated by a negative-power generalized mean. Batches cycle through identity groups, pairing non-toxic subgroup examples with toxic non-subgroup comparators before weighted random filling. Text is truncated to 256 tokens and dynamically padded. AdamW applies lower encoder learning rates and omits bias/normalization parameters from weight decay. AMP training accumulates gradients over two batches and clips norms to 1.0. Inference applies sigmoid to toxicity logits; validation reports overall, subgroup, BPSN, and BNSP AUC diagnostics.","[""SOURCE:75-169"", ""SOURCE:223-313"", ""SOURCE:340-419"", ""SOURCE:436-578"", ""SOURCE:580-627"", ""SOURCE:726-740"", ""SOURCE:742-834"", ""SOURCE:855-864"", ""SOURCE:867-929"", ""SOURCE:996-1058"", ""SOURCE:1065-1119"", ""SOURCE:1121-1208""]",
20260911_071931_jubias-base-s54,856506ee6afd4fefac4568eb524ab57f,A,draft,663121fb94edca1fccd603534cbf228b5f452351673ca3d62cc99193f578c895,True,ok,ModernBERT Toxicity Classification Pipeline,"The solution normalizes comment text through HTML unescaping, NFKC normalization, zero-width-character removal, and URL/user placeholders. It derives style, lexical-toxicity, and identity features, log-transforms count features, and robust-scales numeric inputs from training data. A ModernBERT-large encoder’s first-token representation is fused with a gated MLP encoding numeric features, then feeds primary toxicity and auxiliary multi-label heads. Primary labels are thresholded at 0.5. Training uses example-weighted binary cross-entropy, masked auxiliary BCE, and sampled pairwise ranking losses for subgroup, BPSN, and BNSP slices, combined by temperature-controlled log-sum-exp. AdamW uses separate backbone and head learning rates, without decay on bias or normalization parameters. Text batches use truncation to 256 tokens and dynamic padding. AMP, two-step gradient accumulation, gradient unscaling, and norm-1 clipping are supported. Inference sigmoid-transforms toxicity logits; checkpoints retain model, optimizer-step, tokenizer, feature metadata, and preprocessing artifacts.","[""SOURCE:75-169"", ""SOURCE:199-337"", ""SOURCE:340-433"", ""SOURCE:436-578"", ""SOURCE:581-667"", ""SOURCE:708-738"", ""SOURCE:741-776"", ""SOURCE:786-890"", ""SOURCE:915-1002""]",
20260911_071931_jubias-base-s54,bda51d5655e84a6f8851c53ba674c494,A,debug,6ef161a5694cc92fc621efcaa0750b51800bcf9521a8e12d3f6ca00df00a205d,True,ok,DeBERTa Toxicity Classifier with Group-DRO,"Comments are HTML-unescaped, NFKC-normalized, stripped of tags, URL-replaced, repetition-limited, and whitespace-collapsed. Ten normalized structural features are derived. A pretrained DeBERTa-v3-large binary classifier combines text logits with a LayerNorm–MLP projection of structural features, modulated by a learned bounded scale. Continuous toxicity labels are thresholded at 0.5; class, identity, and non-toxic identity weighting is applied. The loss combines weighted binary cross-entropy and Group-DRO over toxicity/subgroup cells, using softmax weights from EMA group losses. Tokenization truncates to 256 tokens. Seeded shuffled batches use custom collation, with mixed precision, gradient accumulation, unscaling, and norm-1 clipping. AdamW separates encoder and non-encoder learning rates and excludes bias/normalization parameters from decay; LambdaLR provides warmup then cosine decay with a 0.25 floor. Checkpoints include model, criterion, tokenizer, configuration, and feature normalization. Inference returns class-1 softmax probability.","[""SOURCE:119-203"", ""SOURCE:205-257"", ""SOURCE:296-356"", ""SOURCE:359-482"", ""SOURCE:506-544"", ""SOURCE:549-552"", ""SOURCE:617-678"", ""SOURCE:712-741"", ""SOURCE:752-795"", ""SOURCE:797-880""]",
20260911_071931_jubias-base-s54,da50a145351d4bddb12dba8dea811693,A,improve,33c5d9dc330e9cd79e452cc1cea2d68d42bc86d6fa39462838cfdf31d7cb3e2f,True,ok,Bias-aware ModernBERT toxicity classifier,"The solution normalizes comment text with HTML unescaping, NFKC conversion, zero-width removal, URL/user placeholders, and whitespace collapsing. It computes scaled lexical and stylistic features covering length, casing, punctuation, lexicon, identity terms, and repetition. A pretrained ModernBERT encodes tokenized text (maximum 256 tokens); its first-token embedding is concatenated with a sigmoid-gated two-layer numeric MLP output. The fused representation produces a primary toxicity logit and auxiliary toxicity logits. Training uses identity-cycling batches containing subgroup non-toxic examples, background toxic comparators, and weighted random fill samples. The objective combines weighted primary BCE, masked auxiliary BCE, and identity BPSN-oriented pairwise ranking loss aggregated with a negative-power generalized mean. AdamW uses separate backbone and head learning rates with decay exclusions. Training supports mixed precision, two-step accumulation, and gradient clipping. Inference returns sigmoid-transformed primary logits.","[""SOURCE:75-169"", ""SOURCE:223-284"", ""SOURCE:340-433"", ""SOURCE:436-577"", ""SOURCE:580-627"", ""SOURCE:726-740"", ""SOURCE:742-853"", ""SOURCE:855-864"", ""SOURCE:867-929"", ""SOURCE:959-999"", ""SOURCE:1006-1059"", ""SOURCE:1062-1147""]",
20260911_072108_jubias-base-s55,20bbfe0ac57f45e4900176b36596cdc0,A,debug,38274160fe496a99daaec59968f2df61b4bdaee31126c718b2c2139823dbe3ec,True,ok,Weighted DeBERTa Toxicity Multi-task Classifier,"The solution splits provided training and test data through a runtime session, normalizes comments by decoding HTML, applying NFKC, removing controls, replacing URLs/emails/IPs/users with placeholders, and tokenizes to 256 tokens. A DeBERTa-v3-large encoder uses normalized CLS features for a binary toxicity head and a six-label toxicity-subtype head. Training minimizes sample-weighted binary cross-entropy for toxicity plus 0.20 times mean subtype BCE. Weights emphasize non-toxic identity mentions and toxic comments without identities. AdamW uses separate backbone/head learning rates, selective weight decay, mixed precision, gradient accumulation, norm clipping, warmup then cosine-decay scheduling, and up to three epochs. Inference applies sigmoid to toxicity logits in evaluation mode; checkpoints save model state, tokenizer, and preprocessing configuration.","[""SOURCE:24-42"", ""SOURCE:44-167"", ""SOURCE:178-181"", ""SOURCE:231-346"", ""SOURCE:403-407"", ""SOURCE:413-418"", ""SOURCE:464-503"", ""SOURCE:506-611"", ""SOURCE:613-741""]",
20260911_072108_jubias-base-s55,79a34999229c44fd87d953d0f82fa49b,A,draft,fe997602bedbd1d012155b70b9917fad49b08cbc53bece89a45bda869ce7de7d,True,ok,Fairness-weighted ModernBERT toxicity classifier,"The solution fine-tunes a ModernBERT-large sequence classifier for soft toxicity prediction. Comments are HTML- and Unicode-normalized, with URLs/emails replaced by markers and very long text shortened; tokenization truncates to 384 tokens. It computes and standardizes auxiliary text, frequency, identity, and annotator-count features, but the shown model consumes only normalized text. Training targets are clipped continuous toxicity labels. Identity annotations define sample weights: subgroup non-toxic, subgroup toxic, and non-subgroup toxic examples receive extra weight. The model maps either one-logit output or the difference between two class logits to a binary logit and minimizes weighted binary cross-entropy. Most pretrained parameters are frozen; up to the final six encoder layers and classification head are trainable. AdamW uses separate encoder/head learning rates and decay settings. Training runs up to three shuffled epochs with AMP, two-batch gradient accumulation, and gradient clipping. Inference applies sigmoid and clips probabilities.","[""SOURCE:71-82"", ""SOURCE:92-106"", ""SOURCE:175-177"", ""SOURCE:233-260"", ""SOURCE:277-345"", ""SOURCE:380-405"", ""SOURCE:447-470"", ""SOURCE:491-520"", ""SOURCE:590-661""]",
20260911_072108_jubias-base-s55,865037d0f484447a8778cf37361105bb,A,improve,51d52cf414d91f6d796e8114366a0f02b75213b618751aa87585fcd5d7f3631b,False,ok,Weighted DeBERTa Toxicity Multitask Classifier,"The solution normalizes comment text by HTML unescaping, NFKC normalization, control-character removal, placeholder replacement for URLs, emails, IPs and user mentions, and whitespace collapse. A DeBERTa-v3-large encoder supplies the CLS representation to dropout-normalized toxicity and six subtype MLP heads. Training minimizes sample-weighted binary cross-entropy for continuous toxicity targets plus 0.20 times mean subtype BCE. Weights emphasize non-toxic identity mentions, toxic identity examples, and toxic comments without identities, then are mean-normalized. Identity labels and masks are loaded but are not used by the loss. Text is dynamically tokenized to 256 tokens. AdamW uses separate backbone/head learning rates (1.5e-5/1e-4), selective weight decay, mixed precision, gradient accumulation over two batches, norm clipping at 1.0, and warmup followed by cosine decay with a floor. At inference, the model disables auxiliary heads and returns sigmoid toxicity probabilities.","[""SOURCE:73-167"", ""SOURCE:178-315"", ""SOURCE:382-521"", ""SOURCE:582-710""]",
20260911_072108_jubias-base-s55,bb4314ad08484b8f983df5c757e3dc24,A,draft,4587d4feee4bf8d3e22c3f538a50e36c03bdf68444b9676734bb78dd22e51cec,True,ok,Bias-Aware DeBERTa Toxicity Classifier,"The solution normalizes comment text with HTML unescaping, Unicode NFKC, control-character removal, placeholders for URLs, emails, IPs and user handles, and whitespace collapsing. A DeBERTa-v3-large encoder supplies normalized, dropped-out CLS features to toxicity and auxiliary subtype heads. A conditional identity adversary receives gradient-reversed features plus detached predicted toxicity probability, encouraging representations that are less predictive of identity conditional on toxicity. The loss combines sample-weighted toxicity BCE, subtype BCE (weight 0.20), and masked identity-adversary BCE (weight 0.10). Weights emphasize non-toxic comments mentioning an identity and toxic comments without identity mentions. Training uses shuffled batches of dynamically padded, truncated 256-token sequences, AdamW with separate backbone/head learning rates, warmup then cosine decay, mixed precision on CUDA, two-step gradient accumulation, and norm-1 clipping for up to three epochs. Inference disables auxiliary heads and returns sigmoid toxicity probabilities.","[""SOURCE:73-159"", ""SOURCE:170-369"", ""SOURCE:436-575"", ""SOURCE:636-764""]",
20260911_072108_jubias-base-s55,bd1b4e2260714dbaaf1cd1b869cc5147,A,improve,0e8ccabcdf8027074f72cd4d0920a439adfb2b81f2034715d5f663f9cfff29d6,True,ok,Fairness-weighted ModernBERT toxicity classifier,"The solution fine-tunes a ModernBERT-large sequence classifier for soft toxicity prediction. Comments are HTML-unescaped, NFKC-normalized, stripped of control characters, with URLs/emails replaced by markers and very long text shortened. It derives and standardizes auxiliary text, repetition, punctuation, frequency, identity, and annotator-count features, but the model dataset supplies only normalized text. Training targets are clipped continuous toxicity labels. Samples mentioning evaluated identities receive increased loss weights, especially non-toxic identity examples; toxic non-identity examples receive a smaller increase. The classifier produces a binary logit directly or as class-1 minus class-0 logits. All parameters are frozen except up to six final encoder layers and classification-head modules. Weighted BCE-with-logits is optimized with AdamW, separate encoder/head learning rates and decay rules, AMP, gradient accumulation over two batches, and gradient clipping. Inference tokenizes to 384 tokens, applies sigmoid, and clips probabilities.","[""SOURCE:71-82"", ""SOURCE:92-177"", ""SOURCE:179-280"", ""SOURCE:286-414"", ""SOURCE:429-479"", ""SOURCE:500-529"", ""SOURCE:599-670""]",
20260911_072108_jubias-base-s55,d4dac7ee3af74d5792b3a9a1f9d8da69,A,draft,e80d9b764bec72618eabe1e8c0ac82aaadfc090c2025e5e5db6cecd8b49fd19d,True,ok,Identity-Robust ModernBERT Toxicity Classifier,"A pretrained ModernBERT-large classifier is fine-tuned to output one toxicity logit. Text is Unicode-normalized, HTML removed, emails and URLs replaced by markers, whitespace collapsed, and lowercased before tokenization to 256 tokens. Soft toxicity labels are optimized with binary cross-entropy plus a group-DRO loss over benign/toxic cells for nine identity groups. Group losses use exponential moving averages, with active groups weighted by a softmax over their EMA losses. Identity-annotated examples may receive identity-substituted counterfactual text; eligible samples are probabilistically selected and trained with a weighted MSE between counterfactual probabilities and detached original probabilities. AdamW uses separate backbone and classifier learning rates, excluding bias and normalization parameters from weight decay. Training supports CUDA mixed precision, gradient accumulation, norm clipping, non-finite-loss resets, and updates for residual epoch gradients. Inference batches normalized text, optionally uses mixed precision, and applies sigmoid to logits.","[""SOURCE:121-146"", ""SOURCE:149-292"", ""SOURCE:298-313"", ""SOURCE:328-449"", ""SOURCE:451-500"", ""SOURCE:503-600"", ""SOURCE:603-635"", ""SOURCE:705-737"", ""SOURCE:738-809"", ""SOURCE:811-859""]",
20260911_072108_jubias-base-s55,e43131cca14840e8beeb30a41ca7facd,A,improve,1b626a2a2725bda7d22050a335410a5e81b9c0ed273b551971d7a5d88869cbaa,True,ok,Identity-Robust ModernBERT Toxicity Classifier,"Text is Unicode-normalized, stripped of HTML, emails and URLs, whitespace-cleaned and lowercased. A ModernBERT-large classifier receives tokenized normalized text up to 256 tokens and produces seven toxicity-related logits. The primary toxicity logit is trained on soft labels using BCE-with-logits combined with an EMA-informed, softmax-weighted identity-group loss over benign and toxic identity cells. Auxiliary logits use masked BCE for available multitask labels. Eligible identity-substituted counterfactual texts are sampled and penalized by MSE between their toxicity probabilities and detached original probabilities. Training uses shuffled batches, AdamW with separate backbone and head learning rates and decay exclusions, AMP, gradient accumulation, finite-loss filtering, norm-1 gradient clipping, and partial final updates. Inference returns the sigmoid of logit 0. Checkpoints retain model, tokenizer, loss state, preprocessing statistics and inference settings.","[""SOURCE:57-70"", ""SOURCE:131-147"", ""SOURCE:159-280"", ""SOURCE:316-340"", ""SOURCE:355-476"", ""SOURCE:478-519"", ""SOURCE:530-639"", ""SOURCE:642-674"", ""SOURCE:685-714"", ""SOURCE:728-734"", ""SOURCE:744-758"", ""SOURCE:760-761"", ""SOURCE:768-910""]",
20260911_072108_jubias-base-s55,eecb92f43fd84b83a06a6dea2ef99e91,A,improve,1a144a580418309cc9c0d9130c1b3836af75809cb903a6f208895f85727c1549,True,ok,Fairness-Aware ModernBERT Toxicity Classifier,"Comments are normalized with URL/email replacement and tokenized to a 384-token limit. A ModernBERT-large sequence classifier is fine-tuned with only the classification head and up to six final encoder layers trainable. Soft toxicity labels are clipped, and training batches deliberately mix identity-associated toxic/background pair pools with shuffled examples. The objective combines sample-weighted binary cross-entropy, with increased identity-example weights, and an identity-aware pairwise softplus ranking loss weighted by 0.15. AdamW uses separate encoder and head learning rates and decay settings. Training supports CUDA mixed precision, gradient accumulation, unscaling, gradient-norm clipping at 1.0, and early stopping through a session controller. At inference, logits are converted with sigmoid and probabilities are clipped.","[""SOURCE:114-136"", ""SOURCE:139-305"", ""SOURCE:311-354"", ""SOURCE:357-418"", ""SOURCE:423-504"", ""SOURCE:520-579"", ""SOURCE:600-629"", ""SOURCE:699-743"", ""SOURCE:750-765"", ""SOURCE:767-845""]",
20260911_072344_jubias-base-s56,0480acbb4405414b88924fd6cb2bf7ec,A,improve,7fc975cefab9b37623e3394103103d26569af97d34c5005b0f9a8b61c45f7c3d,True,ok,Fairness-Aware ModernBERT Toxicity Classifier,"Comments are HTML-decoded, Unicode-NFKC normalized, stripped of control characters, and have URLs, emails, and mentions replaced with markers. Fourteen standardized structural features are computed. A ModernBERT-large encoder produces a first-token representation; an MLP encodes numeric features and a sigmoid gate fuses both representations. Heads output a toxicity logit and nine identity-label logits. Toxicity training uses sample-weighted binary cross-entropy, emphasizing identity-subgroup negatives and background positives, plus masked identity BCE weighted by 0.20. Earlier encoder layers are frozen, leaving the final eight layers and added modules trainable. AdamW uses separate backbone and head learning rates, linear warm-up, mixed precision, gradient accumulation, finite-loss checks, gradient clipping, and gradient scaling. Text is truncated to 256 tokens. Checkpoints restore model weights and tokenizer while validating dimensions. Inference batches rows and applies sigmoid to toxicity logits.","[""SOURCE:72-124"", ""SOURCE:127-159"", ""SOURCE:197-206"", ""SOURCE:237-328"", ""SOURCE:331-408"", ""SOURCE:417-490"", ""SOURCE:573-604"", ""SOURCE:637-683"", ""SOURCE:731-773"", ""SOURCE:783-870""]",
20260911_072344_jubias-base-s56,1761c01bde98439f92789e105c6eccbd,A,draft,fbf301e6cea726f62343038e05dcfd7b19c850e260b07cf5f85e7c8531282356,False,ok,Conditional Adversarial DeBERTa Toxicity Classifier,"Comments undergo Unicode and HTML cleanup, replacement of emails, URLs and mentions, lowercasing, punctuation-run limiting, and identity-masked counterfactual construction. Standardized text statistics are computed, while identity-term count is excluded from numeric model inputs. A DeBERTa-v3-large encoder produces a CLS embedding, concatenated with a numeric-feature tower to predict toxicity. A gradient-reversal adversary predicts 24 identity labels from text features conditioned on a detached toxicity target in training or detached predicted probability otherwise. The objective combines confidence-weighted toxicity BCE, subgroup/toxicity-dependent sample weights, and masked identity BCE weighted 0.10. Text is tokenized to 256 tokens. Shuffled custom-collated batches support gradient accumulation and optional mixed precision; gradients are unscaled, clipped to norm 1.0, then updated with AdamW using separate encoder/head rates and warmup-cosine scheduling. Inference omits the conditional target, applies sigmoid, concatenates outputs, and clips probabilities.","[""SOURCE:67-97"", ""SOURCE:167-319"", ""SOURCE:321-325"", ""SOURCE:328-542"", ""SOURCE:544-563"", ""SOURCE:578-703"", ""SOURCE:725-751"", ""SOURCE:755-773"", ""SOURCE:784-830"", ""SOURCE:841-868"", ""SOURCE:875-932""]",
20260911_072344_jubias-base-s56,1fb516e7e9e24685ae061fc8baab5d09,A,draft,94fa518e13ce5394f807723a41296634bd9f6f6382c664255c113f586d66411f,False,ok,ModernBERT Toxicity Classifier with Identity-Aware Weighting,"Text is normalized by HTML decoding, Unicode normalization, control-character removal, and URL, email, and mention replacement. Fourteen standardized structural features are computed. A ModernBERT encoder processes sequences up to 256 tokens; its first-token representation is sigmoid-gated with an MLP embedding of numeric features. Heads output toxicity and nine identity probabilities. Training uses weighted BCE on soft toxicity labels plus 0.20 masked identity BCE. Weights upweight subgroup-negative, background-positive, and subgroup-positive samples and are mean-normalized. Earlier encoder layers are frozen, leaving the final eight layers and new modules trainable. AdamW assigns lower rates to backbone parameters. Training uses AMP, gradient scaling, two-batch accumulation, linear warmup, global norm clipping at 1.0, and corrected partial-window updates; non-finite losses are skipped. Checkpoint loading validates tokenizer and inference metadata. Inference returns sigmoid toxicity probabilities.","[""SOURCE:72-124"", ""SOURCE:127-151"", ""SOURCE:189-198"", ""SOURCE:238-315"", ""SOURCE:318-395"", ""SOURCE:404-450"", ""SOURCE:471-477"", ""SOURCE:522-611"", ""SOURCE:624-670"", ""SOURCE:735-768"", ""SOURCE:770-857""]",
20260911_072344_jubias-base-s56,35e16e80b5ea4439ae0d5366eeb3736e,A,draft,87587cc83f365257fc3ba09dbbba564ea67a1733360bd565b91aa459ab302528,False,ok,Identity-masked paired ModernBERT toxicity classifier,"Comments are normalized by HTML decoding, Unicode normalization, zero-width-character removal, URL/user replacement, tag removal and whitespace collapsing. The model creates original and identity-masked text views plus 15 standardized style features. A ModernBERT-large encoder mean-pools each view; projected original, masked and difference embeddings are combined through a learned gate with the original embedding. A style-conditioned head predicts toxicity, while a masked-text head supplies a counterfactual constraint. Training uses identity-weighted binary cross-entropy and penalizes benign identity comments when the original logit exceeds the masked-view logit by more than 0.10. A per-epoch curriculum can order samples using identity-related weights. AdamW uses separate backbone and head learning rates and decay groups. Mixed-precision training supports gradient accumulation, skips non-finite losses, unscales and clips gradients to norm 1.0 before updates. Inference tokenizes both views to 192 tokens, applies sigmoid to the main logit, and clips probabilities to [0,1].","[""SOURCE:122-218"", ""SOURCE:268-359"", ""SOURCE:362-407"", ""SOURCE:440-462"", ""SOURCE:465-598"", ""SOURCE:607-648"", ""SOURCE:720-800""]",
20260911_072344_jubias-base-s56,49028cb1422a4c57ad8bf5acbfcbb8b9,A,debug,9114c5119cabed3321f8906de5c5bad86a9fab2c8d8352e667c9840357722927,True,ok,Conditional Adversarial DeBERTa Toxicity Classifier,"Comment text is HTML-decoded, Unicode-NFKC normalized, lowercased, and has emails, URLs and user mentions replaced; repeated punctuation is limited and an identity-masked counterfactual text is created. Scaled text statistics are derived, excluding identity-term count from model features. A DeBERTa-v3-large encoder provides a CLS representation fused with a numeric-feature tower to produce a toxicity logit. A gradient-reversal adversary predicts 24 identity attributes from text features conditioned on a detached toxicity target during training or detached prediction otherwise. Training uses confidence-weighted binary cross-entropy for continuous toxicity labels plus masked identity BCE weighted by 0.10, with toxicity/subgroup sample reweighting. Inputs are tokenized to 256 tokens. AdamW uses separate encoder and head learning rates, accumulation, clipping, CUDA mixed precision, checkpointing, and warmup-cosine scheduling. Inference batches sigmoid logits, concatenate and clip probabilities; checkpoints retain model, tokenizer, configuration and feature schema.","[""SOURCE:67-97"", ""SOURCE:167-319"", ""SOURCE:321-542"", ""SOURCE:544-599"", ""SOURCE:614-726"", ""SOURCE:729-751"", ""SOURCE:752-777"", ""SOURCE:788-843"", ""SOURCE:845-872"", ""SOURCE:874-938""]",
20260911_072344_jubias-base-s56,5864112afb89465ca559d74736f13ee2,A,debug,59091505f5ed69a756a6589fb66ea3ab218ba934b9c29cb405c798e0a35feab8,True,ok,Fairness-Aware ModernBERT Toxicity Classification,"Comments are HTML-decoded, NFKC-normalized, stripped of control characters, and have URLs, emails, and mentions replaced by markers. Fourteen standardized text-structure features are combined with tokenized text truncated to 256 tokens. A pretrained ModernBERT first-token embedding is fused with an MLP projection of numeric features through a learned sigmoid gate. Shared normalized representations feed toxicity and nine-label identity heads. Training uses weighted BCE-with-logits for soft toxicity labels, emphasizing subgroup negatives, background positives, and subgroup positives, plus 0.20-weighted masked identity BCE. Earlier encoder layers are frozen; the final eight layers and added heads are optimized with AdamW using separate backbone/head rates and no decay on biases or normalization parameters. Batches use CUDA AMP, two-step accumulation, linear warmup, global norm clipping, and scaler-based updates; non-finite losses reset accumulation. Inference returns sigmoid toxicity probabilities. Checkpoints validate tokenizer and input/output dimensions.","[""SOURCE:72-124"", ""SOURCE:127-151"", ""SOURCE:189-198"", ""SOURCE:229-236"", ""SOURCE:243-320"", ""SOURCE:323-400"", ""SOURCE:415-455"", ""SOURCE:473-482"", ""SOURCE:527-616"", ""SOURCE:629-675"", ""SOURCE:735-765"", ""SOURCE:775-860""]",
20260911_072344_jubias-base-s56,5a75e35928ce495f8c291cf70f8253a7,A,improve,6ba4769d0d3f3932955898bed7e2ac86591f88ff651a3b9bda4ffc7d670e9667,True,ok,Fairness-Aware ModernBERT Toxicity Classifier,"Comments are HTML-decoded, Unicode-normalized, stripped of control characters, and have URLs, emails, and mentions replaced with markers. Fourteen standardized structural features are fused with a ModernBERT first-token embedding through a gated numeric-feature MLP. Toxicity and nine identity heads produce logits. Training uses soft toxicity labels and masked identity BCE for available identity annotations; the loss is sample-weighted toxicity BCE plus 0.20 identity BCE. Fairness weights emphasize subgroup negatives and background positives, combined across identities and normalized. Batches replacement-sample two examples from each identity/target region. Earlier encoder layers are frozen, with the final eight fine-tuned using AdamW with separate backbone/head rates, warmup, mixed precision, accumulation, finite-loss checks, and gradient clipping. Incomplete accumulation gradients are rescaled. Inference batches unshuffled inputs and returns sigmoid toxicity probabilities. Checkpoints store and validate model, tokenizer, backbone, feature metadata, and dimensions.","[""SOURCE:72-124"", ""SOURCE:127-159"", ""SOURCE:269-360"", ""SOURCE:363-440"", ""SOURCE:449-495"", ""SOURCE:516-522"", ""SOURCE:567-710"", ""SOURCE:732-769"", ""SOURCE:780-859"", ""SOURCE:869-956""]",
20260911_072344_jubias-base-s56,83fd631c1b254a16b2e6334c1485dcc0,A,draft,bcfa25d7ab37a8f35c5307cdb6da11e65cf5077fb06ef2a58e6c5e2e23af9984,False,ok,Bias-Aware ModernBERT Toxicity Ranker,"The solution cleans comment text with Unicode and HTML normalization and replaces URLs and user references. It derives 12 robust-scaled structural features and regex-based identity indicators, clips toxicity and auxiliary labels to [0,1], and assigns higher weights to identity-related, toxic non-identity, and particularly non-toxic identity comments, moderated by target consensus. A pretrained ModernBERT classifier produces a text logit, while a zero-initialized MLP produces a structural-style logit; their sum is scored with a sigmoid. Training combines weighted binary cross-entropy with tail-risk aggregation of pairwise softplus ranking losses for subgroup, BPSN, and BNSP comparisons. Dynamic tokenization truncates inputs to 256 tokens. Replacement sampling is proportional to square-root clipped sample weights. AdamW uses separate backbone and style-head learning rates, mixed precision and gradient scaling when enabled, non-finite-loss checks, and global gradient clipping. Training supports update-level early stopping and checkpointing. Inference batches comments and restores model, tokenizer, scaler, and feature metadata.","[""SOURCE:116-166"", ""SOURCE:177-317"", ""SOURCE:338-390"", ""SOURCE:393-506"", ""SOURCE:511-679"", ""SOURCE:693-734"", ""SOURCE:752-757"", ""SOURCE:759-786"", ""SOURCE:788-848""]",
20260911_072344_jubias-base-s56,bc4a08480e7c4f15a0c4ffe46c478851,A,debug,f61dfcab865271606735716921e70ff479f238a1bf532854c65528c5a3ebd735,True,ok,Identity-Aware Paired ModernBERT Toxicity Classifier,"Comments are normalized with URL and user-handle replacement, and identity terms are masked to create paired original and masked views. Standardized style features are also derived. A ModernBERT-large encoder mean-pools both views; their embeddings and difference are projected and fused with style features by a learned gate. A toxicity head predicts from the fused representation, while a masked-text head provides a counterfactual logit. Training uses identity-aware weighted binary cross-entropy, increasing weight for benign and toxic identity examples, plus a margin penalty when an original benign identity logit exceeds its masked counterpart. Each epoch uses a fairness-oriented fixed-order curriculum sampler. Mixed-precision training supports gradient accumulation, skips non-finite losses, clips unscaled gradients to norm 1.0, and updates AdamW with lower backbone learning rates than head rates. At inference, both views are tokenized to 192 tokens, toxicity logits are sigmoid-transformed, and probabilities are clipped to [0,1].","[""SOURCE:127-223"", ""SOURCE:273-368"", ""SOURCE:371-416"", ""SOURCE:449-471"", ""SOURCE:474-607"", ""SOURCE:616-657"", ""SOURCE:718-808""]",
20260911_072344_jubias-base-s56,e3adb9a7dfd2408f983169aa3dd4bf9e,A,improve,a6a2640afa065a27aa54fb1c87e83ff01de0c0765c875ca130414f7d8ccef994,True,ok,Identity-Masked ModernBERT Toxicity Classifier,"Comments are normalized by HTML decoding, Unicode normalization, removal of zero-width characters and tags, URL and mention replacement, and whitespace collapsing. Each comment is paired with an identity-masked version and 15 scaled style features. A ModernBERT-large encoder mean-pools both texts; original, masked, difference, and style representations are fused with a learned sigmoid gate. A main toxicity head uses the fused representation and an auxiliary head uses masked text. Training applies identity-aware weighted binary cross-entropy, emphasizing benign identity-bearing comments, plus a linearly ramped Smooth L1 consistency loss between paired predictions. Epoch orders are produced by an identity-focused curriculum sampler. AdamW uses separate lower backbone learning rates, mixed precision, gradient checkpointing, accumulation, finite-loss checks, and gradient clipping. Checkpoints include model state, mode, and style schema. Inference tokenizes both views to length 192, applies sigmoid, and clips probabilities to [0,1].","[""SOURCE:127-223"", ""SOURCE:273-368"", ""SOURCE:371-433"", ""SOURCE:442-489"", ""SOURCE:492-625"", ""SOURCE:634-675"", ""SOURCE:719-745"", ""SOURCE:747-830""]",
20260911_072344_jubias-base-s56,f7cae131944146608a212ce72cf08536,A,improve,f682df8d0ce5302329c0d71389fe7cbadd990728e1e990aa36f9107a2fc88fd9,True,ok,Conditional Adversarial DeBERTa Toxicity Classifier,"Comments are normalized through Unicode and HTML cleanup, masking of emails, URLs and users, lowercasing, repeated-punctuation limiting, and identity-masked counterfactual text creation. Tokenized text is padded or truncated; missing inference text uses an empty-comment token. Standardized numeric style/count features are encoded by a feature tower and fused with a DeBERTa-v3-large CLS representation for a toxicity logit. A gradient-reversal adversary predicts 24 identity labels from the text representation and a detached toxicity target during training, or detached predicted probability at inference. The objective combines confidence-weighted toxicity BCE and masked, weighted identity BCE. Rare identity/toxicity cells receive capped inverse-frequency sample weights normalized to mean one. AdamW uses separate encoder and head rates, accumulation, AMP, clipping, warmup and cosine decay. Inference sigmoids and clips toxicity probabilities; checkpoints store model, tokenizer, feature schema and configuration.","[""SOURCE:67-97"", ""SOURCE:167-300"", ""SOURCE:302-389"", ""SOURCE:423-665"", ""SOURCE:680-701"", ""SOURCE:716-737"", ""SOURCE:743-761"", ""SOURCE:764-832"", ""SOURCE:835-883"", ""SOURCE:894-940"", ""SOURCE:951-977"", ""SOURCE:985-1044""]",
20260911_072611_jubias-anaf-s55,3e133f6249164e1c9d0b05f56dfd5852,F,draft,e4dc5720ab8683ee26f1db8742f59aa19b41e25874e502c7a9572e4eabd6472d,True,ok,Counterfactual Text-Numeric Toxicity Classifier,"Comments undergo Unicode and HTML cleanup, with URLs, emails and handles replaced by tokens; 15 clipped, standardized structural features are derived. A ModernBERT-large encoder produces a first-token representation, fused with a projected numeric-feature representation using a sigmoid gate, then classified by an MLP into a toxicity logit. For eligible benign comments containing annotated identities, identity terms are substituted to form counterfactual texts. The objective combines confidence-weighted binary cross-entropy on continuous toxicity targets with a weighted symmetric Bernoulli-KL consistency penalty between original and aligned counterfactual predictions. AdamW uses separate encoder and added-layer learning rates. Training shuffles batches, tokenizes to length 256, uses mixed precision, gradient scaling, accumulation, global-norm clipping at 1.0, gradient checkpointing, and optional callback stopping. Checkpoints verify sequence and feature dimensions before strict weight restoration. Inference batches inputs, applies sigmoid to logits, and clips probabilities.","[""SOURCE:154-169"", ""SOURCE:189-270"", ""SOURCE:279-293"", ""SOURCE:346-409"", ""SOURCE:412-470"", ""SOURCE:488-518"", ""SOURCE:604-698"", ""SOURCE:765-777"", ""SOURCE:780-901""]",
20260911_072611_jubias-anaf-s55,434f2a2f629740198c2330634638df2b,F,debug,b026de7be9761844978f17c9f4769d7ee1bc73777aa7115df648064b1c961643,False,ok,DeBERTa Toxicity Classifier with Conditional MMD,"The solution normalizes comment text with HTML decoding, Unicode normalization, control-character removal, URL replacement and whitespace collapsing. It tokenizes normalized text to at most 256 tokens. A DeBERTa-v3-large encoder supplies a CLS representation to layer normalization, dropout and an MLP toxicity-logit head. Training minimizes binary cross-entropy on continuous toxicity targets plus weighted conditional MMD regularization. The MMD uses random Fourier features to compare toxicity-logit distributions between identity-present and identity-absent examples separately in benign and toxic target strata, excluding missing identity labels. Identity adversarial training is disabled. AdamW uses separate learning rates for encoder and head. Training shuffles examples and uses CUDA mixed precision, gradient scaling, gradient accumulation, gradient-norm clipping at 1.0, optimizer updates and early stopping. Checkpoints retain model, optimizer, encoder configuration, tokenizer and inference metadata. Inference evaluates non-shuffled padded batches, applies sigmoid to logits, converts outputs to float64 and clips probabilities to [1e-7, 1-1e-7].","[""SOURCE:23-38"", ""SOURCE:118-127"", ""SOURCE:159-295"", ""SOURCE:490-560"", ""SOURCE:563-693"", ""SOURCE:714-774"", ""SOURCE:779-840"", ""SOURCE:851-918"", ""SOURCE:928-1029""]",
20260911_072611_jubias-anaf-s55,47d29cf7a18f46d9b4b283fed8d762a5,F,debug,2aedc1b5211a2a637c7f9a71630751a2ecd54014f17a9bc7b579bdbc3f97543a,True,ok,Bias-Aware DeBERTa Toxicity Classification,"A microsoft/deberta-v3-large sequence classifier is fine-tuned for binary toxicity. Comments are HTML-unescaped, NFKC-normalized, stripped of control characters, and have emails, URLs, and newlines replaced with markers. Labels are defined by target scores of at least 0.5. The code also derives scaled stylistic features and identity-swapped counterfactual text, while the displayed model dataset tokenizes normalized text at maximum length 256. Training uses a composite objective: binary cross-entropy on the toxic-versus-nontoxic logit margin (weight 0.60) plus a hard-weighted pairwise AUC surrogate (weight 0.40) across identity subgroup and background subgroup slices. Pair sets are deterministically capped at 96 per slice. AdamW applies separate learning rates to backbone and head, with shuffled batches, CUDA AMP when available, gradient clipping, and up to four epochs. It logs optimizer updates and mean loss, checks a stopping condition, finalizes the session, and returns softmax class-1 probabilities at inference.","[""SOURCE:188-198"", ""SOURCE:218-275"", ""SOURCE:281-317"", ""SOURCE:350-356"", ""SOURCE:359-482"", ""SOURCE:496-511"", ""SOURCE:524-541"", ""SOURCE:544-585"", ""SOURCE:588-629"", ""SOURCE:698-741"", ""SOURCE:754-760""]",
20260911_072611_jubias-anaf-s55,4eb1b85a09db4d29a791707700c0fc22,F,improve,60b18cbf8f71be51481bd7ae95186612a5b28b3dc346a3a47b863c8e0106e9fe,False,ok,ModernBERT Toxicity Classifier with Fairness Ranking,"Comments are Unicode/HTML-normalized with URL, email and handle replacement, then tokenized with fixed-length padding/truncation. Fifteen clipped, standardized text-structure features are processed by a LayerNorm/MLP adapter and gate-fused with the first-token representation from pretrained ModernBERT-large; an MLP outputs one toxicity logit. Continuous targets use confidence-weighted binary cross-entropy plus sampled pairwise logistic ranking. Ranking samples overall positive/negative pairs and one identity slice: within-subgroup, background-positive versus subgroup-negative, or subgroup-positive versus background-negative. Identity and binary labels use a 0.5 threshold; missing identities are non-membership. Detached logits populate bounded role-specific queues after warm-up. AdamW uses separate backbone and added-layer learning rates, weight decay, shuffled batches, mixed precision, gradient accumulation, norm-1 clipping, and checkpointing. Batched inference applies sigmoid and clips probabilities.","[""SOURCE:87-269"", ""SOURCE:272-285"", ""SOURCE:345-408"", ""SOURCE:415-608"", ""SOURCE:615-645"", ""SOURCE:687-761"", ""SOURCE:770-820"", ""SOURCE:823-895"", ""SOURCE:914-983"", ""SOURCE:985-1094""]",
20260911_072611_jubias-anaf-s55,62182c79b6e24762a766e5037856a198,F,debug,2723c15dbfd13701ca837148ccf281719bd120ed2f11f4469edce63f1a927803,False,ok,DeBERTa Toxicity Classifier with Conditional MMD,"The solution preprocesses comment text by HTML unescaping, Unicode normalization, control-character removal, URL replacement and whitespace cleanup. It creates a model-text view that replaces detected identity terms with an identity token, and retains continuous toxicity, auxiliary and identity labels where available. Numeric text and identity features are also computed, train-quantile clipped and standardized, then persisted with partition metadata. The classifier uses the DeBERTa-v3-large encoder from a pretrained two-label model. A LayerNorm and dropout are applied to the CLS representation, followed by a GELU MLP producing one toxicity logit. Tokenized model text is dynamically padded and truncated to 256 tokens. Targets are clamped to [0,1]. Training minimizes binary cross-entropy with logits plus weighted conditional MMD, comparing random-Fourier-feature logit distributions for identity-present versus identity-absent examples within benign and toxic strata. AdamW uses separate encoder and head learning rates, mixed precision, four-step gradient accumulation and norm clipping. Inference applies sigmoid and clips batched probabilities.","[""SOURCE:23-38"", ""SOURCE:44-111"", ""SOURCE:113-238"", ""SOURCE:251-345"", ""SOURCE:524-531"", ""SOURCE:979-1049"", ""SOURCE:1052-1150"", ""SOURCE:1153-1182"", ""SOURCE:1203-1278"", ""SOURCE:1281-1329"", ""SOURCE:1417-1505""]",
20260911_072611_jubias-anaf-s55,62fdc8e621314835a2062018cb2046eb,F,improve,e71c15330186b0d0dae55a6cbaad4bb7ed8bb02916aa98c495ccb8423dfd8f9d,True,ok,Fairness-Weighted ModernBERT Toxicity Classifier,"A ModernBERT-large sequence classifier produces one regression-configured logit for toxicity. Text is Unicode-normalized; URLs and emails are replaced with markers, control characters and excess whitespace are removed, and casing is retained. Auxiliary style features are derived and standardized but are not used as model inputs. Toxicity targets and nine identity indicators are clipped to [0,1] and thresholded at 0.5. Example weights are the maximum clipped square-root inverse-prevalence weight over identity-by-binary-toxicity strata. Training combines weighted binary cross-entropy on soft toxicity targets with a coefficient-scaled pairwise softplus ranking loss across overall, subgroup, background, and cross-group strata. Detached-logit queues support randomly sampled ranking comparisons and are updated per microbatch. Inputs are tokenized to 256 tokens. AdamW uses separate encoder and head learning rates and decay groups, mixed precision optionally uses gradient scaling, and gradients are clipped to norm 1.0 before accumulated updates. Inference applies sigmoid and clips probabilities to [0,1].","[""SOURCE:83-204"", ""SOURCE:236-289"", ""SOURCE:307-455"", ""SOURCE:458-535"", ""SOURCE:589-696"", ""SOURCE:724-727"", ""SOURCE:735-746"", ""SOURCE:762-840""]",
20260911_072611_jubias-anaf-s55,77b86b6e8ccc4fd5832595b36e465893,F,draft,a5a8a4c0239eaed5a8db0b9278995d6e8dd902e34a65b0ce377c201b478c8a50,True,ok,Adversarial DeBERTa Toxicity Classifier,"Comments are HTML-decoded, NFKC-normalized, stripped of control characters, URL-replaced, and whitespace-collapsed before tokenization with truncation and padding to 256 tokens. A pretrained DeBERTa-v3-large encoder supplies its first-token representation to layer normalization, dropout, and a toxicity MLP. A gradient-reversal identity MLP predicts nine identity labels, encouraging the encoder to remove identity information from benign examples. The objective is toxicity binary cross-entropy plus 0.08 times masked identity BCE, using finite identity labels only where toxicity targets are below 0.5. The adversarial coefficient rises linearly from 0 to 1 during the first 1,000 optimizer updates. Training uses shuffled, seeded batches, AdamW with separate encoder and head learning rates, mixed precision when CUDA is available, gradient accumulation, and gradient-norm clipping. Inference disables reversal, applies sigmoid, and clips probabilities.","[""SOURCE:23-33"", ""SOURCE:118-127"", ""SOURCE:159-295"", ""SOURCE:352-536"", ""SOURCE:557-683"", ""SOURCE:694-728"", ""SOURCE:731-761"", ""SOURCE:771-845""]",
20260911_072611_jubias-anaf-s55,8e8ee68e325b43a7ae504cceda8b3d8c,F,draft,8b4307ccfded48b85b1387e9a928892ea56b5b531ed0847025e2746c0ac89491,False,ok,Bias-Aware DeBERTa Toxicity Classifier,"The solution normalizes comments through HTML decoding, Unicode NFKC normalization, control-character removal, URL and email replacement, newline marking, and whitespace collapsing. It also derives robust-scaled text statistics and identity-term-swapped counterfactual text, although the shown neural dataset uses normalized text only. A two-class microsoft/deberta-v3-large sequence classifier is fine-tuned using targets thresholded at 0.5. The objective combines binary cross-entropy on the toxic-class logit margin (weight 0.60) with a hard-weighted pairwise ranking loss (weight 0.40) over identity subgroup and subgroup/background label slices, with at most 96 pairs per slice. AdamW uses separate backbone and head learning rates, gradient clipping of 1.0, CUDA AMP, and up to four shuffled epochs. Inference tokenizes text to 256 tokens and outputs the class-1 softmax probability. The implementation also reports a final validation score.","[""SOURCE:23-123"", ""SOURCE:127-336"", ""SOURCE:350-515"", ""SOURCE:521-756"", ""SOURCE:758""]",
20260911_072611_jubias-anaf-s55,994b5cf69a17452ba51adeda04779b80,F,improve,e91dbdb9fba9159f5c18693d72726132ef2457a679529297c1047ae39cf5ca01,True,ok,Fairness-Weighted ModernBERT Toxicity Classifier,"The solution normalizes comments through HTML unescaping, NFKC normalization, URL/email replacement, control-character removal, and whitespace cleanup. Toxicity and nine identity values are clipped to [0,1], with identities thresholded at 0.5; inverse-prevalence weights are derived across identity/toxicity strata. A one-logit ModernBERT-large classifier is fine-tuned on normalized text truncated to 256 tokens. It minimizes weighted binary cross-entropy on soft toxicity targets plus a scaled pairwise softplus ranking loss covering overall, subgroup, and subgroup/background comparisons. Ranking pairs can use detached FIFO logit queues after warm-up. Microbatches are concatenated for loss computation and gradient accumulation. AdamW uses separate encoder and head learning rates and decay groups; mixed-precision gradients are unscaled and clipped to norm 1 before updates. Inference batches indexed texts, applies sigmoid to logits, and clips probabilities to [0,1]. Checkpoints retain model, tokenizer, configuration, prediction metadata, and available preprocessing artifacts.","[""SOURCE:83-220"", ""SOURCE:236-289"", ""SOURCE:307-491"", ""SOURCE:494-569"", ""SOURCE:593-716"", ""SOURCE:720-731"", ""SOURCE:734-788"", ""SOURCE:791-945""]",
20260911_072611_jubias-anaf-s55,b1cec6756d40483f83475174a01cd0bf,F,improve,8d7e657c2424c8e90b96f2f3f3ec1bbc91f0b8810bb107855ff6df3025e4cfd4,False,ok,DeBERTa Toxicity Classification with Conditional MMD,"The solution normalizes comment text by HTML unescaping, Unicode normalization, control-character removal, URL replacement, and whitespace collapsing. It computes text statistics and identity-mention features, while the model consumes normalized text. A pretrained DeBERTa-v3-large encoder produces a first-token representation processed by layer normalization, dropout, GELU MLP layers, and a toxicity logit head. Inputs are tokenized with truncation and dynamic padding to 256 tokens. Training uses clamped continuous toxicity targets and binary cross-entropy, augmented with conditional MMD between identity-present and identity-absent logit distributions within benign and toxic strata, using fixed random Fourier features and valid identity labels. AdamW uses separate encoder and head learning rates. CUDA mixed precision, gradient scaling, accumulation, unscaling, and norm-1 clipping are used. Checkpoints save and restore model, optimizer, tokenizer, configuration, and metadata. Inference performs batched mixed-precision evaluation, sigmoid conversion, and probability clipping.","[""SOURCE:23-38"", ""SOURCE:118-127"", ""SOURCE:159-295"", ""SOURCE:351-358"", ""SOURCE:366-417"", ""SOURCE:439-537"", ""SOURCE:551-569"", ""SOURCE:590-665"", ""SOURCE:668-716"", ""SOURCE:731-761"", ""SOURCE:764-802"", ""SOURCE:804-905""]",
20260911_072611_jubias-anaf-s55,c32708633da647debdcfca45c6bde2ff,F,improve,131f9edfaa4739ec7bc3e18cbeda9ac70dd797517c612f1156a6b3fb7ddf28a5,True,ok,Fairness-Weighted ModernBERT Toxicity Classifier,"The solution normalizes comment text using HTML unescaping, NFKC normalization, URL/email tokens, control-character removal, and whitespace collapsing. It derives standardized style and length features, clips toxicity and nine identity labels to [0,1], and binarizes them at 0.5. Examples are weighted by the largest clipped square-root inverse-prevalence value across identity-toxicity strata. A pretrained ModernBERT-large classifier produces one toxicity logit, with sigmoid probabilities. Training tokenizes text to 256 tokens with dynamic padding and minimizes weighted soft binary cross-entropy plus a scaled pairwise fairness-ranking loss. Ranking comparisons cover overall, subgroup, and cross-group positive/negative cases using detached FIFO logit queues; term weights are adaptively adjusted from calibration-loss moving averages. AdamW uses separate encoder and head learning rates with no-decay parameter groups. Training supports AMP, gradient accumulation, gradient clipping, warm-up queue updates, and checkpointing. Evaluation and inference run in evaluation mode and clip finite probabilities to [0,1].","[""SOURCE:29-30"", ""SOURCE:36-46"", ""SOURCE:74-79"", ""SOURCE:83-100"", ""SOURCE:103-162"", ""SOURCE:164-204"", ""SOURCE:236-258"", ""SOURCE:261-289"", ""SOURCE:307-523"", ""SOURCE:526-579"", ""SOURCE:593-648"", ""SOURCE:651-720"", ""SOURCE:722-821"", ""SOURCE:825-938"", ""SOURCE:940-1102""]",
20260911_072611_jubias-anaf-s55,c85956866ac64a259385f82d7df954f5,F,improve,3672a5876b3daf553d587c475d9755124fd1702ea0434f28f34935c75c14c3ab,True,ok,Bias-Aware DeBERTa Toxicity Classifier,"The solution normalizes comments by decoding HTML, applying Unicode normalization, replacing emails and URLs, marking newlines, and removing control characters. It also derives scaled style features and counterfactual identity-swapped text, though the shown model input uses normalized text only. A two-class DeBERTa-v3-large model tokenizes comments dynamically to 256 tokens and predicts toxicity. Labels threshold toxicity at 0.5; identity annotations define subgroup and background slices. The objective combines binary cross-entropy on the toxic/non-toxic logit margin (weight 0.60) with a hard-weighted pairwise ranking loss (0.40) over subgroup, background-positive/subgroup-negative, and subgroup-positive/background-negative slices, sampling up to 96 positive-negative pairs per slice deterministically. Only the classifier/pooler and encoder layers 18–23 are trainable. AdamW uses 1.5e-5 for encoder parameters and 5e-5 for head parameters. Training uses shuffled batches, mixed precision, gradient scaling, unscaling, global gradient clipping at norm 1.0, and scaler-mediated updates. Inference returns class-1 softmax probability.","[""SOURCE:123-124"", ""SOURCE:188-279"", ""SOURCE:281-317"", ""SOURCE:350-356"", ""SOURCE:359-482"", ""SOURCE:503-539"", ""SOURCE:552-607"", ""SOURCE:610-651"", ""SOURCE:714-757"", ""SOURCE:759-785""]",
20260911_072611_jubias-anaf-s55,d480dc30bd1041c397792569c424eaa7,F,debug,de73cf9d7859a5eed2ef3bba2d0672fa90112d3aca811a2bf3fc7019c2823dc3,False,ok,Conditional MMD DeBERTa Toxicity Classifier,"The solution predicts continuous toxicity probabilities from comment text with a DeBERTa-based model. It splits data before preprocessing, normalizes text, replaces URLs, derives count, ratio, punctuation and identity-lexicon features, and creates identity-masked text; the shown neural input uses tokenized model text truncated to 256 tokens. The encoder’s first-token representation is layer-normalized, dropped out, and passed through a GELU MLP to produce one logit. Training batches contain toxicity and nine identity targets. The loss combines binary cross-entropy with 0.03-weighted conditional MMD, aligning random-Fourier-feature logit distributions between identity-present and identity-absent samples separately within benign and toxic strata. AdamW uses distinct encoder and head learning rates. Training supports mixed precision, gradient accumulation, unscaling, norm clipping at 1.0, and GradScaler updates. Inference applies sigmoid and clips probabilities. Checkpoints preserve model, optimizer, tokenizer, configuration, metadata, and optional feature manifests.","[""SOURCE:23-33"", ""SOURCE:118-127"", ""SOURCE:159-238"", ""SOURCE:251-295"", ""SOURCE:387-457"", ""SOURCE:460-558"", ""SOURCE:561-590"", ""SOURCE:611-686"", ""SOURCE:689-737"", ""SOURCE:740-745"", ""SOURCE:748-815"", ""SOURCE:825-926""]",
20260911_072611_jubias-anaf-s55,d5978d3693b944f6a504388371738862,F,draft,710c13e839d59c544381b76d2897767a841db07f9590aae433e651bdc175b296,True,ok,Fairness-Weighted ModernBERT Toxicity Classifier,"The solution fine-tunes a ModernBERT-large sequence classifier with one logit for continuous toxicity targets. It splits data before preprocessing, normalizes comment text with HTML decoding, NFKC normalization, URL/email placeholders, and whitespace/control-character cleanup. It computes and standardizes auxiliary text statistics, but the saved inference state specifies that these numeric features are not used by the model. Targets and nine identity indicators are clipped to [0,1] and binarized at 0.5. Training examples in identity-by-toxicity strata receive train-only inverse-prevalence weights, clipped to 1–6 and combined by maximum. Tokenized text is truncated to 256 tokens. The objective is weighted binary cross-entropy with logits against soft targets. AdamW uses separate encoder/head learning rates and decay groups. Training runs up to two shuffled epochs with mixed precision, gradient accumulation, norm clipping, and runtime-controlled stopping. Inference applies sigmoid probabilities to batched tokenized text.","[""SOURCE:29-30"", ""SOURCE:74-79"", ""SOURCE:83-100"", ""SOURCE:114-162"", ""SOURCE:164-204"", ""SOURCE:236-258"", ""SOURCE:261-293"", ""SOURCE:296-349"", ""SOURCE:394-424"", ""SOURCE:444-499"", ""SOURCE:565-640""]",
20260911_072611_jubias-anaf-s56,0c6473deb89644a08d6d43e9cfd727c3,F,draft,370555e4e6f735fad409427d5f6cd433815bcd5dbb5cc7840cee3d0dbd7f4a30,True,ok,Adversarial DeBERTa Toxicity Classifier,"Comments are normalized with NFKC, HTML decoding/removal, URL and email replacement, control-character removal, and whitespace collapsing, then tokenized to 256 tokens. The dataset also derives identity-masked text and standardized style features, but the described model input uses normalized text. A pretrained DeBERTa-v3-large encoder is mean-pooled over non-padding tokens and passed through linear, LayerNorm, GELU, and dropout layers to toxicity, subtype, and identity heads. Training minimizes identity-upweighted binary toxicity loss, masked subtype BCE, and benign-example identity BCE through gradient reversal; unavailable subtype or identity labels are masked. Shuffled batches use custom collation. AdamW applies separate backbone and head learning rates with decay exclusions. CUDA AMP, gradient scaling, accumulation, and gradient-norm clipping at 1.0 are used before updates. Checkpoints store model, tokenizer, and style scaler. Inference batches normalized text, sigmoid-transforms toxicity logits, and clips outputs to [0,1].","[""SOURCE:95-105"", ""SOURCE:160-258"", ""SOURCE:333-420"", ""SOURCE:423-518"", ""SOURCE:555-582"", ""SOURCE:585-712"", ""SOURCE:742-758"", ""SOURCE:764-787"", ""SOURCE:797-807"", ""SOURCE:815-885""]",
20260911_072611_jubias-anaf-s56,0f76ee626bbe4b3e8275e9b8d7127e7b,F,draft,69ae9d03662a251eebb395e4ab7d1fc7b52813129fb1e4db22f93ee02aac374d,True,ok,Dual-window ModernBERT toxicity classifier,"Comments are normalized with Unicode NFKC, HTML decoding/removal, control-character cleanup, URL/user placeholders, lowercasing, and style-prefix tokens. Nine standardized surface features are derived. A pretrained ModernBERT encodes separate first and last 190-token windows; normalized CLS vectors are attention-gated and pooled, concatenated with numeric features, and passed through a fusion MLP with heads for toxicity and six subtype targets. Weighted BCE-with-logits emphasizes identity-related, toxic, background-toxic, and high-confidence examples; subtype BCE has weight 0.14. A replacement weighted sampler oversamples identity-related and toxic groups. AdamW uses distinct encoder and head learning rates, weight decay, and warmup followed by cosine scheduling. Training supports up to 100 epochs with mixed precision, two-batch gradient accumulation, norm clipping, scheduler updates per optimizer step, checkpoint restoration, and session-controlled early stopping. Toxicity inference applies sigmoid to logits.","[""SOURCE:138-286"", ""SOURCE:288-334"", ""SOURCE:365-528"", ""SOURCE:531-574"", ""SOURCE:594-672"", ""SOURCE:682-723"", ""SOURCE:790-820"", ""SOURCE:822-891""]",
20260911_072611_jubias-anaf-s56,1f0059b2351543b29e7fb3e5a943548d,F,draft,4fd3391db563406593117622cb59f5b15224e1d73c881133199c7c7a8dd1198c,True,ok,ModernBERT Toxicity Ranking Classifier,"The solution predicts comment toxicity with a pretrained ModernBERT-large sequence classifier producing one logit. Raw train/test data are split before preprocessing. Comment text is normalized; standardized length, punctuation, casing and URL features are derived; identity annotations are retained. Benign comments mentioning identities receive higher sample weights, and selected low-toxicity identity comments are augmented by lexical identity swaps while retaining targets. The loss combines sample-weighted soft-target binary cross-entropy with sampled pairwise softplus ranking losses for overall, subgroup, background-positive/subgroup-negative, and subgroup-positive/background-negative comparisons; bias-ranking terms use temperature-scaled log-sum-exp aggregation. AdamW uses separate backbone and classifier learning rates, without weight decay for biases or normalization parameters. Batches are shuffled and tokenized with padding/truncation; mixed precision, gradient accumulation, finite-loss checks, and gradient clipping are supported. Inference sigmoid-transforms batched logits. Checkpoints store weights, configuration, tokenizer, sequence length, activation metadata, and identity-loss columns.","[""SOURCE:35-39"", ""SOURCE:124-234"", ""SOURCE:241-309"", ""SOURCE:382-389"", ""SOURCE:392-549"", ""SOURCE:551-590"", ""SOURCE:601-703"", ""SOURCE:707-715"", ""SOURCE:718-757"", ""SOURCE:768-819"", ""SOURCE:821-890""]",
20260911_072611_jubias-anaf-s56,4eed868ef31d4cbbad8722e4257772d9,F,draft,53c7c7b45fdb564f4332745410b53189fdf48c8856c5511526bb944addbea16c,True,ok,ModernBERT toxicity classifier,"The solution fine-tunes a ModernBERT-large sequence classifier with one logit for toxicity prediction. It normalizes comments with NFKC and HTML decoding, removes tags and controls, replaces URLs and @mentions with tokens, and collapses whitespace. It also computes standardized text-statistics and identity-keyword features, but the neural dataset and model consume only normalized text. Soft fractional target values are optimized using mean binary cross-entropy with logits; a 0.5 threshold is used only to construct sampling classes. Training retains all positives and at most three negatives per positive, then uses replacement weighted sampling to balance retained classes. Text is tokenized to 256 tokens with dynamic padding to a multiple of eight. AdamW uses 1.5e-5 learning rate and 0.01 decay except biases and normalization weights. Four epochs use batch size 8, four-step gradient accumulation, AMP on CUDA, and gradient clipping at norm 1. Inference applies sigmoid to logits in batches of 32.","[""SOURCE:92-204"", ""SOURCE:255-302"", ""SOURCE:305-381"", ""SOURCE:460-582""]",
20260911_072611_jubias-anaf-s56,5198d9856f3c4d8eafdce0114b05c976,F,improve,dbfc88a05a74b71d057a3bfec341479e93cfe6e7381d3ccc124fafc2cabdded0,False,ok,Identity-aware DeBERTa Toxicity Classifier,"Comments are Unicode- and HTML-normalized, stripped of tags and control characters, with URLs and emails replaced and whitespace collapsed. The implementation also creates identity-masked and standardized style-feature views, although the shown encoder consumes normalized text. A DeBERTa-v3-large encoder processes sequences up to 256 tokens; mean pooling over non-padding tokens feeds a linear, LayerNorm, GELU, and dropout representation, followed by toxicity and subtype heads. Training combines identity-upweighted toxicity binary cross-entropy, finite-label-masked subtype BCE, and pairwise softplus ranking losses for observed identity/background subgroup conditions. A sampler periodically forms batches from benign/toxic subgroup and observed-background pools, otherwise using deterministic epoch shuffling. AdamW uses separate backbone and head learning rates with decay exclusions. Mixed precision, gradient accumulation, unscaled global-norm clipping at 1.0, and scaler updates are used. Inference applies sigmoid to toxicity logits and clips probabilities to [0,1]. Checkpoints retain model and preprocessing metadata.","[""SOURCE:160-258"", ""SOURCE:333-403"", ""SOURCE:406-526"", ""SOURCE:541-590"", ""SOURCE:593-720"", ""SOURCE:742-751"", ""SOURCE:772-795"", ""SOURCE:805-919"", ""SOURCE:936-1003""]",
20260911_072611_jubias-anaf-s56,580ae58743eb49f19d6d95880176c291,F,improve,1c72a72a7e3b257b58c892a884570361e7d4a8c08704830386a5bb4a38ec1744,True,ok,Frozen ModernBERT Identity-Aware Toxicity Ranker,"The method splits data before preprocessing, normalizes comment text, and computes standardized text-structure features from training statistics. It upweights identity-labelled benign examples and some toxic identity examples, and adds up to 150,000 benign identity-swap counterfactuals retaining targets and weights. A pretrained ModernBERT-large classifier produces one toxicity logit; only its classifier head is optimized. Inputs are tokenized comment text with padding and truncation to length 384, while token-type IDs are removed. Training uses soft toxicity targets, sample weights, and identity values. Its criterion combines weighted binary cross-entropy with sampled pairwise softplus ranking losses for overall and identity-related subgroup/background comparisons, aggregating bias components with temperature-scaled log-sum-exp. AdamW uses 3e-5 learning rate and selective weight decay; AMP, gradient accumulation, unscaled norm-1 clipping, and shuffled batches are supported. Evaluation and test prediction use batched inference and sigmoid logits; checkpoints include weights, configuration, tokenizer, activation, sequence length, and identity columns.","[""SOURCE:29-39"", ""SOURCE:124-140"", ""SOURCE:143-179"", ""SOURCE:221-234"", ""SOURCE:241-260"", ""SOURCE:271-309"", ""SOURCE:382-395"", ""SOURCE:398-555"", ""SOURCE:588-595"", ""SOURCE:606-611"", ""SOURCE:617-696"", ""SOURCE:698-707"", ""SOURCE:711-720"", ""SOURCE:723-762"", ""SOURCE:773-815"", ""SOURCE:826-895""]",
20260911_072611_jubias-anaf-s56,87d731b9e7dc4f29b23790dad6bb7177,F,draft,caefe12bf5a2501d4f96f2912770e1a9be623fabcd75eeae453f7261a5daee4f,True,ok,Gated ModernBERT Toxicity Prediction,"Comments are normalized, with URLs and emails replaced by markers; long text is truncated by retaining head and tail segments. Seventeen robustly scaled structural features capture length, lexical diversity, capitalization, punctuation, digits, quotations, URLs/emails, pronouns, negation, and training-duplicate signals. A ModernBERT-large encoder supplies a first-token representation. An MLP embeds numeric features, whose sigmoid-gated contribution is added before a two-logit prediction head for binary toxicity and a continuous target. Training combines their BCE losses with weights 0.78 and 0.22, and applies identity-by-label group DRO using EMA group losses and softmax weights over active groups. Shuffled batches of 12 are optimized with AdamW, separate backbone/head learning rates, 100-step linear warmup, CUDA mixed precision, gradient scaling, and global gradient-norm clipping to 1.0. A scheduler and session controller advance each batch; training may stop early. Inference blends the sigmoid outputs with the same weights and clips probabilities.","[""SOURCE:118-218"", ""SOURCE:223-311"", ""SOURCE:338-386"", ""SOURCE:389-429"", ""SOURCE:432-539"", ""SOURCE:541-559"", ""SOURCE:562-627"", ""SOURCE:727-751"", ""SOURCE:753-760""]",
20260911_072611_jubias-anaf-s56,b1738447ec61460dbe32f74c6978e42b,F,improve,e97a43af8b4f6aeb75e5753cc8d9eb3cc50ed7ff672c30987928ca1c88071799,True,ok,ModernBERT Toxicity Classification with Endpoint Ranking,"Comments are NFKC-normalized, HTML-unescaped, stripped of tags and control characters, with URLs and mentions replaced by tokens and whitespace collapsed. Auxiliary standardized text statistics are constructed, while the shown classifier uses cleaned text. A ModernBERT-large sequence classifier outputs one toxicity logit; sigmoid produces probabilities. Soft toxicity targets are trained with BCE-with-logits, with binary labels thresholded at 0.5 for sampling and ranking. Training can combine BCE with pairwise softplus ranking loss using queues of detached logits for identity subgroups and subgroup/background endpoints. A replacement weighted sampler uses inverse binary-class frequencies. AdamW applies 1.5e-5 learning rate and 0.01 weight decay excluding bias and normalization parameters. CUDA mixed precision, four epochs, batch size eight, four-step accumulation, gradient clipping at 1.0, and queued ranking updates are used. Inference tokenizes to length 256, pads longest batches to multiples of eight, and applies sigmoid to batched logits.","[""SOURCE:65-205"", ""SOURCE:208-211"", ""SOURCE:274-290"", ""SOURCE:293-566"", ""SOURCE:568-597"", ""SOURCE:649-699"", ""SOURCE:702-773"", ""SOURCE:778-888"", ""SOURCE:899-945""]",
20260911_072611_jubias-anaf-s56,c339eab198804574a1c5a2eef075a384,F,debug,f68d6b1c002fa90c0e2e5062d8b6f19119f1d08abde4775fff9f8f5fe3aad7b1,False,ok,Identity-Aware DeBERTa Toxicity Ranking,"Comments are Unicode- and HTML-normalized, with tags and control characters removed, URLs and emails replaced, and whitespace collapsed. An identity-masked text view and standardized style features are created, but training uses normalized text rather than these auxiliary inputs. A pretrained DeBERTa-v3-large encoder processes sequences truncated to 256 tokens. Mean pooling over non-padding tokens feeds a linear normalization, GELU, dropout, and output heads for toxicity and six subtypes. The objective combines identity-weighted toxicity BCE, masked BCE for present subtype labels, and softplus pairwise ranking losses between subgroup/background toxic and benign examples. Batches are shuffled, with every fourth eligible batch stratified across four identity/toxicity groups. AdamW uses separate encoder/head learning rates, selective weight decay, mixed precision, gradient accumulation, clipping at 1.0, and scaler-controlled updates. Inference applies sigmoid toxicity prediction and clips outputs to [0,1]. Checkpoints retain model weights, tokenizer, scaler, length, feature metadata, and prediction semantics.","[""SOURCE:160-258"", ""SOURCE:382-435"", ""SOURCE:438-558"", ""SOURCE:561-622"", ""SOURCE:625-697"", ""SOURCE:707-746"", ""SOURCE:752-760"", ""SOURCE:763-828"", ""SOURCE:837-951"", ""SOURCE:968-1027""]",
20260911_072611_jubias-anaf-s56,c87f0ec8e98d4e0abafdbd26384cb20c,F,improve,1a40a3b9459479757bf5d24f488f17db3a0a554656950498f7224b504a7d5222,True,ok,ModernBERT toxicity ranking classifier,"The solution fine-tunes a ModernBERT-large sequence classifier with one regression logit for comment toxicity. Text is NFKC-normalized, HTML-unescaped, stripped of tags/control characters, and has URLs and user mentions replaced with tokens; inputs are tokenized to 256 tokens. It computes textual statistics and regex identity-mention features, standardizing continuous statistics from training data, but the model dataset supplies only cleaned text. Soft toxicity targets are retained, while targets at least 0.5 define binary labels and available identity annotations define masks. Training uses class-balanced sampling with replacement. The loss equally combines BCE-with-logits on soft targets and pairwise softplus ranking losses for overall, within-subgroup, background-positive/subgroup-negative, and subgroup-positive/background-negative binary pairs. AdamW uses 1.5e-5 learning rate, selective 0.01 weight decay, mixed precision, four-step gradient accumulation, and norm clipping at 1.0 for up to four epochs. Inference returns sigmoid probabilities from batched model logits.","[""SOURCE:92-204"", ""SOURCE:272-288"", ""SOURCE:291-395"", ""SOURCE:450-500"", ""SOURCE:577-705""]",
20260911_072611_jubias-anaf-s56,f61ccbee0ba3463c96e5ff775cc0df54,F,improve,b665dfc3489afb1915426b9218d4458c61d139cdcb5c6ff0982906593b1da6ee,True,ok,Selective ModernBERT Toxicity Ranking Classifier,"The solution preprocesses comment text with Unicode normalization, control/HTML removal, and URL/email markers, and derives structural text features. It uses toxicity targets, fairness weights, and identity annotations; benign identity examples are upweighted and selected identity mentions can be counterfactually swapped, with counterfactual identity values set to NaN. A ModernBERT-large classifier outputs one toxicity logit. All parameters are frozen except the classification head, final encoder block, and final normalization. Training optimizes weighted soft-label binary cross-entropy plus sampled pairwise logistic ranking losses for overall, subgroup, BPSN, and BNSP comparisons; bias components are combined by temperature-scaled log-sum-exp. Batches are shuffled, tokenized with truncation and padding, and omit token-type IDs. AdamW uses separate head/backbone learning rates and excludes bias and normalization parameters from weight decay. CUDA AMP, gradient accumulation, scaling, unscaling, and norm clipping are used. Batched inference applies sigmoid; checkpoints save model, tokenizer, configuration, sequence length, identity columns, and prediction activation.","[""SOURCE:29-39"", ""SOURCE:124-234"", ""SOURCE:241-309"", ""SOURCE:382-417"", ""SOURCE:420-577"", ""SOURCE:579-647"", ""SOURCE:672-693"", ""SOURCE:699-778"", ""SOURCE:793-844"", ""SOURCE:855-906"", ""SOURCE:914-975""]",
20260911_072808_jubias-anaf-s54,27273be331554e12823618bb6de1d9e1,F,improve,4020ba115d682b06690b03a09dff88d87486270de175d177cff845be102b09e1,True,ok,Bias-Aware ModernBERT Toxicity Ranker,"Text is NFKC-normalized, with URLs, emails, IP addresses, and user mentions replaced by special tokens. Missing comments are converted to empty strings. Identity membership masks and identity-by-target cells are derived for reweighting and ranking. A pretrained ModernBERT-large classifier, resized for the added tokens, maps tokenized text (maximum 256 tokens) to one toxicity logit. Training combines dynamically reweighted BCE with pairwise softplus ranking losses for overall, within-identity, and cross-group positive/negative comparisons. Cell-level point-loss EMAs determine clipped sample weights. The backbone can be frozen for head warm-up and then unfrozen. AdamW uses separate backbone and head learning-rate/decay groups, with shuffled batches, mixed precision, gradient scaling, accumulation, and global-norm clipping. Checkpoints retain model, criterion, tokenizer, encoder configuration, preprocessing state, and sequence settings. Evaluation and inference return sigmoid toxicity probabilities.","[""SOURCE:63-107"", ""SOURCE:127-221"", ""SOURCE:264-303"", ""SOURCE:306-414"", ""SOURCE:417-505"", ""SOURCE:508-559"", ""SOURCE:592-655"", ""SOURCE:658-700"", ""SOURCE:732-740"", ""SOURCE:743-807"", ""SOURCE:809-901""]",
20260911_072808_jubias-anaf-s54,2c4d00adb9a84881836a4080483981dc,F,draft,02efedb8cb2ff93ed7fad3bd47eff685d98d7babea0912d6709f4ea81ae781a5,False,ok,Counterfactual-consistent DeBERTa toxicity classifier,"The solution fine-tunes a two-class DeBERTa-v3-large classifier for continuous toxicity targets, using the difference between toxic and non-toxic logits and a sigmoid probability. It cleans comment text by normalizing Unicode, removing HTML, replacing URLs/emails, limiting repeated characters, and truncating tokenized inputs to 256 tokens. Identity and toxicity metadata are retained; training identities are thresholded at 0.5. Although standardized handcrafted text features are computed and saved, model inputs are text only. Embeddings and all but the last four encoder layers are frozen. The loss is binary cross-entropy plus, for benign examples containing official identity labels, a weighted squared difference between predictions for original and identity-neutralized text. Training shuffles examples for up to three epochs with AdamW, separate encoder-tail/head learning rates, selective weight decay, mixed precision when CUDA is available, gradient accumulation, norm clipping, and session-controlled early stopping. Inference batches text, applies sigmoid toxicity probabilities, and supports checkpoint save/load.","[""SOURCE:19-33"", ""SOURCE:103-124"", ""SOURCE:127-246"", ""SOURCE:252-328"", ""SOURCE:330-384"", ""SOURCE:390-487"", ""SOURCE:497-574"", ""SOURCE:576-682""]",
20260911_072808_jubias-anaf-s54,4f9e22479e1049839e36dbc3249ca6df,F,draft,73bdbbe4dbefd240f3dba67547c46262ffb48954b1fec5185bbc6a231add1084,True,ok,Bias-Aware ModernBERT Toxicity Classifier,"Text is cleaned by replacing URLs and emails, removing HTML/control characters, limiting repeated characters, and extracting standardized numeric features. A pretrained ModernBERT encodes padded, truncated comments; masked mean-pooled embeddings are fused with numeric-feature representations for toxicity, subtype, and identity prediction. The identity branch uses gradient reversal. Training combines toxicity BCE, masked subtype BCE, benign-example identity BCE, and sampled pairwise ranking losses for subgroup, BPSN, and BNSP slices, with temperature-controlled log-sum-exp group aggregation. Each epoch visits all examples and adds 20% replacement samples from identity-labelled comments. AdamW uses encoder-specific lower learning rates and differential weight decay, CUDA mixed precision, gradient scaling, and gradient clipping. Inference evaluates selected positions without gradients, applies sigmoid to toxicity logits, and restores model state. Checkpoints retain weights, tokenizer, configuration, and preprocessing artifacts.","[""SOURCE:147-278"", ""SOURCE:281-391"", ""SOURCE:394-599"", ""SOURCE:601-681"", ""SOURCE:720-760"", ""SOURCE:763-812"", ""SOURCE:815-843"", ""SOURCE:857-892"", ""SOURCE:903-979"", ""SOURCE:994-1046""]",
20260911_072808_jubias-anaf-s54,c3b3d05c52184e07b57a7f17dabf0f9f,F,debug,80caf286294f9184f671e1f6e4f4293fc95ca5729670c75d63f7be708652deb9,True,ok,Counterfactual Identity-Neutralized Toxicity Classifier,"The solution fine-tunes a two-logit DeBERTa-v3-base classifier for continuous toxicity targets. It cleans comments by normalizing Unicode, removing HTML, replacing URLs/emails, compressing repeated characters, and standardizing whitespace. It also derives standardized text-count and ratio features, but the shown model input uses only tokenized cleaned text. Embeddings and all but the final four encoder layers are frozen. Training uses binary cross-entropy on the difference between toxic and non-toxic logits. For benign examples with annotated official identity membership, it creates a second input by replacing identity terms with an identity placeholder and adds a 0.35-weighted squared difference between original and neutralized toxicity probabilities. AdamW uses layer-specific learning rates, decoupled weight decay excluding bias/normalization parameters, mixed precision where available, gradient accumulation, and norm clipping. Inference tokenizes cleaned comments to 128 tokens and returns sigmoid logit-difference probabilities.","[""SOURCE:103-124"", ""SOURCE:127-245"", ""SOURCE:256-334"", ""SOURCE:336-390"", ""SOURCE:399-479"", ""SOURCE:504-544"", ""SOURCE:589-678""]",
20260911_072808_jubias-anaf-s54,d24983a23a084bf6a3ac6ce46221a033,F,draft,8ca74cd8ea848c76c91962f4f3275e25b694b0cfe570ac14bc92cfbb9ef22352,True,ok,Bias-Aware ModernBERT Toxicity Ranker,"Comments are Unicode-normalized and URLs, emails, IP addresses, and user mentions are replaced by special tokens. Standardized text statistics and identity/target masks are derived, while the shown neural classifier uses tokenized text. A pretrained ModernBERT sequence classifier extended with the replacement tokens outputs a toxicity margin, computed as the positive-minus-negative logit when two logits are present. Binary cross-entropy is weighted dynamically using exponential moving averages of loss in 18 identity-by-label cells, formed from nine identities and positive or non-positive targets. Weights use relative cell risk raised to 1.5 and are clipped to 0.35–3.0. AdamW applies separate encoder and head learning rates and decay groups. Training uses shuffled batches for up to three epochs, four-step gradient accumulation, CUDA AMP when available, gradient clipping, epoch loss aggregation, validation tracking, and an epoch-level stop flag. Inference truncates inputs to 256 tokens and applies a sigmoid to the margin.","[""SOURCE:37-71"", ""SOURCE:121-215"", ""SOURCE:258-297"", ""SOURCE:300-408"", ""SOURCE:438-449"", ""SOURCE:480-507"", ""SOURCE:693-744"", ""SOURCE:746-757""]",
20260911_072808_jubias-anaf-s54,e66f9b9274ab4e84bf08da798b9ec519,F,improve,777c3eb85e661bf1441f0d3552b01abc92ba694dcc459c44c87e22ed66f50bc8,True,ok,Bias-Aware ModernBERT Toxicity Classifier,"The solution preprocesses comments by normalizing text, replacing URLs and emails, removing markup/control characters, limiting repeated characters, and deriving 13 standardized text-statistic, identity-lexicon, and training-frequency features. A pretrained ModernBERT encoder mean-pools masked token embeddings and combines them with an MLP encoding numeric features to predict toxicity and six subtypes. An adversarial identity head uses gradient reversal on the shared representation. Training uses BCE for toxicity, masked subtype and benign-example identity losses, plus sampled subgroup, BPSN, and BNSP pairwise ranking losses across nine identities with robust temperature-smoothed aggregation. Each epoch covers all examples and adds 20% replacement samples from identity-present cases. Initially only heads train; later the final four encoder blocks are unfrozen. AdamW uses separate encoder learning rates, selective weight decay, AMP, and gradient clipping. Inference sigmoid-transforms the toxicity logit.","[""SOURCE:148-279"", ""SOURCE:282-392"", ""SOURCE:395-586"", ""SOURCE:621-680"", ""SOURCE:706-730"", ""SOURCE:736-812"", ""SOURCE:815-895"", ""SOURCE:909-944"", ""SOURCE:955-1032"", ""SOURCE:1041-1133""]",
20260911_072808_jubias-anaf-s54,f7be07d55a034294be26d91924965997,F,improve,96fd2e0d49228bb72c6d6eb796aa46506531e34b9994d3495de489b6f931a5c7,True,ok,Bias-Aware ModernBERT Toxicity Ranker,"Comment text is normalized with NFKC and HTML unescaping; URLs, emails, IP addresses and usernames are replaced with placeholders, then whitespace is collapsed. A pretrained ModernBERT-large classifier, extended with these placeholders, produces a toxicity margin by subtracting the negative-class logit from the positive-class logit. Training uses clipped continuous targets and per-example binary cross-entropy. Identity-by-target masks define 18 cells whose EMA losses determine relative-risk weights, clipped to 0.35–3.0; each sample receives the mean weight of its active cells. Shuffled batches use dynamic padding and 256-token truncation. AdamW applies separate encoder and head learning rates and decay groups; the encoder is frozen initially and unfrozen after a configured number of optimizer updates. CUDA mixed precision, four-step gradient accumulation, unscaled global gradient clipping at 1.0, and scaler-based updates are used. A controller may stop training early. Inference applies sigmoid to the margin.","[""SOURCE:65-102"", ""SOURCE:122-152"", ""SOURCE:259-298"", ""SOURCE:301-409"", ""SOURCE:439-460"", ""SOURCE:491-545"", ""SOURCE:548-590"", ""SOURCE:698-744"", ""SOURCE:745-777""]",
