run,competition,variant,k,cum_hours,score,medal,lower_better,file,note
20260804_053916_spooky-author-identification,spooky-author-identification,uncapped,1,0.02,0.34042,above-med,1,top1ens-total_run_time0.02h.csv,
20260804_053916_spooky-author-identification,spooky-author-identification,uncapped,2,0.04,0.34309,above-med,1,top2ens-total_run_time0.04h.csv,
20260804_053916_spooky-author-identification,spooky-author-identification,uncapped,3,0.08,0.34739,above-med,1,top3ens-total_run_time0.08h.csv,
20260804_062305_spooky-kb,spooky-author-identification,capped,1,0.18,0.3027,above-med,1,top1ens-total_run_time0.18h.csv,
20260804_062305_spooky-kb,spooky-author-identification,capped,2,0.2,0.30156,above-med,1,top2ens-total_run_time0.2h.csv,
20260804_062305_spooky-kb,spooky-author-identification,capped,3,0.27,0.29532,above-med,1,top3ens-total_run_time0.27h.csv,
20260804_062305_spooky-kb,spooky-author-identification,capped,4,0.36,0.28988,bronze,1,top4ens-total_run_time0.36h.csv,
20260804_062305_spooky-kb,spooky-author-identification,capped,6,2.42,0.28829,bronze,1,top6ens-total_run_time2.42h.csv,
20260804_062305_spooky-kb,spooky-author-identification,uncapped,10,3.13,0.29047,bronze,1,top10ens-total_run_time3.13h.csv,
20260804_062305_spooky-kb,spooky-author-identification,uncapped,11,3.32,0.29167,bronze,1,top11ens-total_run_time3.32h.csv,
20260804_062305_spooky-kb,spooky-author-identification,uncapped,12,5.5,0.29288,bronze,1,top12ens-total_run_time5.5h.csv,
20260804_062305_spooky-kb,spooky-author-identification,uncapped,1,0.18,0.3027,above-med,1,top1ens-total_run_time0.18h.csv,
20260804_062305_spooky-kb,spooky-author-identification,uncapped,2,0.2,0.30156,above-med,1,top2ens-total_run_time0.2h.csv,
20260804_062305_spooky-kb,spooky-author-identification,uncapped,3,0.27,0.29532,above-med,1,top3ens-total_run_time0.27h.csv,
20260804_062305_spooky-kb,spooky-author-identification,uncapped,4,0.36,0.28988,bronze,1,top4ens-total_run_time0.36h.csv,
20260804_062305_spooky-kb,spooky-author-identification,uncapped,5,2.36,0.28866,bronze,1,top5ens-total_run_time2.36h.csv,
20260804_062305_spooky-kb,spooky-author-identification,uncapped,6,2.42,0.28829,bronze,1,top6ens-total_run_time2.42h.csv,
20260804_062305_spooky-kb,spooky-author-identification,uncapped,7,2.89,0.28892,bronze,1,top7ens-total_run_time2.89h.csv,
20260804_062305_spooky-kb,spooky-author-identification,uncapped,8,3.07,0.28918,bronze,1,top8ens-total_run_time3.07h.csv,
20260804_062305_spooky-kb,spooky-author-identification,uncapped,9,3.1,0.28975,bronze,1,top9ens-total_run_time3.1h.csv,
20260804_063628_spooky-base,spooky-author-identification,uncapped,10,5.05,0.33364,above-med,1,top10ens-total_run_time5.05h.csv,
20260804_063628_spooky-base,spooky-author-identification,uncapped,11,5.45,0.33573,above-med,1,top11ens-total_run_time5.45h.csv,
20260804_063628_spooky-base,spooky-author-identification,uncapped,12,6.58,0.3373,above-med,1,top12ens-total_run_time6.58h.csv,
20260804_063628_spooky-base,spooky-author-identification,uncapped,1,0.03,0.33681,above-med,1,top1ens-total_run_time0.03h.csv,
20260804_063628_spooky-base,spooky-author-identification,uncapped,2,0.05,0.33707,above-med,1,top2ens-total_run_time0.05h.csv,
20260804_063628_spooky-base,spooky-author-identification,uncapped,3,1.67,0.32776,above-med,1,top3ens-total_run_time1.67h.csv,
20260804_063628_spooky-base,spooky-author-identification,uncapped,4,3.63,0.32504,above-med,1,top4ens-total_run_time3.63h.csv,
20260804_063628_spooky-base,spooky-author-identification,uncapped,5,4.58,0.32486,above-med,1,top5ens-total_run_time4.58h.csv,
20260804_063628_spooky-base,spooky-author-identification,uncapped,6,4.63,0.32576,above-med,1,top6ens-total_run_time4.63h.csv,
20260804_063628_spooky-base,spooky-author-identification,uncapped,7,4.84,0.32854,above-med,1,top7ens-total_run_time4.84h.csv,
20260804_063628_spooky-base,spooky-author-identification,uncapped,8,4.93,0.32981,above-med,1,top8ens-total_run_time4.93h.csv,
20260804_063628_spooky-base,spooky-author-identification,uncapped,9,4.97,0.33165,above-med,1,top9ens-total_run_time4.97h.csv,
20260804_181406_spooky-base,spooky-author-identification,capped,1,1.94,0.23663,silver,1,top1ens-total_run_time1.94h.csv,
20260804_181406_spooky-base,spooky-author-identification,capped,2,2.44,0.24468,silver,1,top2ens-total_run_time2.44h.csv,
20260804_181406_spooky-base,spooky-author-identification,capped,3,3.55,0.24788,silver,1,top3ens-total_run_time3.55h.csv,
20260804_181406_spooky-base,spooky-author-identification,capped,4,4.14,0.24341,silver,1,top4ens-total_run_time4.14h.csv,
20260804_181406_spooky-base,spooky-author-identification,capped,6,6.24,0.24683,silver,1,top6ens-total_run_time6.24h.csv,
20260804_181406_spooky-base,spooky-author-identification,uncapped,10,10.74,0.25449,silver,1,top10ens-total_run_time10.74h.csv,
20260804_181406_spooky-base,spooky-author-identification,uncapped,11,19.15,0.25694,silver,1,top11ens-total_run_time19.15h.csv,
20260804_181406_spooky-base,spooky-author-identification,uncapped,12,19.17,0.25983,silver,1,top12ens-total_run_time19.17h.csv,
20260804_181406_spooky-base,spooky-author-identification,uncapped,1,1.94,0.23663,silver,1,top1ens-total_run_time1.94h.csv,
20260804_181406_spooky-base,spooky-author-identification,uncapped,2,2.44,0.24468,silver,1,top2ens-total_run_time2.44h.csv,
20260804_181406_spooky-base,spooky-author-identification,uncapped,3,3.55,0.24788,silver,1,top3ens-total_run_time3.55h.csv,
20260804_181406_spooky-base,spooky-author-identification,uncapped,4,4.14,0.24341,silver,1,top4ens-total_run_time4.14h.csv,
20260804_181406_spooky-base,spooky-author-identification,uncapped,5,5.88,0.24451,silver,1,top5ens-total_run_time5.88h.csv,
20260804_181406_spooky-base,spooky-author-identification,uncapped,6,6.24,0.24683,silver,1,top6ens-total_run_time6.24h.csv,
20260804_181406_spooky-base,spooky-author-identification,uncapped,7,6.26,0.24882,silver,1,top7ens-total_run_time6.26h.csv,
20260804_181406_spooky-base,spooky-author-identification,uncapped,8,8.18,0.25104,silver,1,top8ens-total_run_time8.18h.csv,
20260804_181406_spooky-base,spooky-author-identification,uncapped,9,10.72,0.25233,silver,1,top9ens-total_run_time10.72h.csv,
20260807_054111_jigsaw-base,jigsaw-toxic-comment-classification-challenge,capped,1,3.05,0.97997,-,0,top1ens-total_run_time3.05h.csv,
20260807_054111_jigsaw-base,jigsaw-toxic-comment-classification-challenge,capped,2,6.49,0.98026,-,0,top2ens-total_run_time6.49h.csv,
20260807_054111_jigsaw-base,jigsaw-toxic-comment-classification-challenge,capped,3,10.04,0.98037,-,0,top3ens-total_run_time10.04h.csv,
20260807_054111_jigsaw-base,jigsaw-toxic-comment-classification-challenge,capped,4,10.4,0.9822,above-med,0,top4ens-total_run_time10.4h.csv,
20260807_054111_jigsaw-base,jigsaw-toxic-comment-classification-challenge,uncapped,1,3.05,0.97997,-,0,top1ens-total_run_time3.05h.csv,
20260807_054111_jigsaw-base,jigsaw-toxic-comment-classification-challenge,uncapped,2,6.49,0.98026,-,0,top2ens-total_run_time6.49h.csv,
20260807_054111_jigsaw-base,jigsaw-toxic-comment-classification-challenge,uncapped,3,10.04,0.98037,-,0,top3ens-total_run_time10.04h.csv,
20260807_054111_jigsaw-base,jigsaw-toxic-comment-classification-challenge,uncapped,4,10.4,0.9822,above-med,0,top4ens-total_run_time10.4h.csv,
20260807_054111_jigsaw-base,jigsaw-toxic-comment-classification-challenge,uncapped,5,12.14,0.98237,above-med,0,top5ens-total_run_time12.14h.csv,
20260807_054255_jigsaw-kb,jigsaw-toxic-comment-classification-challenge,capped,1,7.04,0.98503,above-med,0,top1ens-total_run_time7.04h.csv,
20260807_054255_jigsaw-kb,jigsaw-toxic-comment-classification-challenge,capped,2,9.71,0.98508,above-med,0,top2ens-total_run_time9.71h.csv,
20260807_054255_jigsaw-kb,jigsaw-toxic-comment-classification-challenge,capped,3,13.73,0.98458,above-med,0,top3ens-total_run_time13.73h.csv,
20260807_054255_jigsaw-kb,jigsaw-toxic-comment-classification-challenge,capped,4,14.38,0.98417,above-med,0,top4ens-total_run_time14.38h.csv,
20260807_054255_jigsaw-kb,jigsaw-toxic-comment-classification-challenge,uncapped,1,7.04,0.98503,above-med,0,top1ens-total_run_time7.04h.csv,
20260807_054255_jigsaw-kb,jigsaw-toxic-comment-classification-challenge,uncapped,2,9.71,0.98508,above-med,0,top2ens-total_run_time9.71h.csv,
20260807_054255_jigsaw-kb,jigsaw-toxic-comment-classification-challenge,uncapped,3,13.73,0.98458,above-med,0,top3ens-total_run_time13.73h.csv,
20260807_054255_jigsaw-kb,jigsaw-toxic-comment-classification-challenge,uncapped,4,14.38,0.98417,above-med,0,top4ens-total_run_time14.38h.csv,
20260807_054255_jigsaw-kb,jigsaw-toxic-comment-classification-challenge,uncapped,5,14.79,0.98405,above-med,0,top5ens-total_run_time14.79h.csv,
20260808_003820_jigsaw-base-s43,jigsaw-toxic-comment-classification-challenge,capped,1,6.13,0.98658,bronze,0,top1ens-total_run_time6.13h.csv,
20260808_003820_jigsaw-base-s43,jigsaw-toxic-comment-classification-challenge,capped,2,7.17,0.98699,silver,0,top2ens-total_run_time7.17h.csv,
20260808_003820_jigsaw-base-s43,jigsaw-toxic-comment-classification-challenge,capped,3,7.48,0.98678,silver,0,top3ens-total_run_time7.48h.csv,
20260808_003820_jigsaw-base-s43,jigsaw-toxic-comment-classification-challenge,capped,4,7.65,0.98647,bronze,0,top4ens-total_run_time7.65h.csv,
20260808_003820_jigsaw-base-s43,jigsaw-toxic-comment-classification-challenge,capped,6,8.0,0.98561,above-med,0,top6ens-total_run_time8.0h.csv,
20260808_003820_jigsaw-base-s43,jigsaw-toxic-comment-classification-challenge,uncapped,1,6.13,0.98658,bronze,0,top1ens-total_run_time6.13h.csv,
20260808_003820_jigsaw-base-s43,jigsaw-toxic-comment-classification-challenge,uncapped,2,7.17,0.98699,silver,0,top2ens-total_run_time7.17h.csv,
20260808_003820_jigsaw-base-s43,jigsaw-toxic-comment-classification-challenge,uncapped,3,7.48,0.98678,silver,0,top3ens-total_run_time7.48h.csv,
20260808_003820_jigsaw-base-s43,jigsaw-toxic-comment-classification-challenge,uncapped,4,7.65,0.98647,bronze,0,top4ens-total_run_time7.65h.csv,
20260808_003820_jigsaw-base-s43,jigsaw-toxic-comment-classification-challenge,uncapped,5,7.82,0.98607,above-med,0,top5ens-total_run_time7.82h.csv,
20260808_003820_jigsaw-base-s43,jigsaw-toxic-comment-classification-challenge,uncapped,6,8.0,0.98561,above-med,0,top6ens-total_run_time8.0h.csv,
20260808_003820_jigsaw-base-s43,jigsaw-toxic-comment-classification-challenge,uncapped,7,14.43,0.98526,above-med,0,top7ens-total_run_time14.43h.csv,
20260808_003820_jigsaw-kb-s43,jigsaw-toxic-comment-classification-challenge,capped,1,6.71,0.98679,silver,0,top1ens-total_run_time6.71h.csv,
20260808_003820_jigsaw-kb-s43,jigsaw-toxic-comment-classification-challenge,capped,2,7.04,0.98734,silver,0,top2ens-total_run_time7.04h.csv,
20260808_003820_jigsaw-kb-s43,jigsaw-toxic-comment-classification-challenge,capped,3,7.65,0.98717,silver,0,top3ens-total_run_time7.65h.csv,
20260808_003820_jigsaw-kb-s43,jigsaw-toxic-comment-classification-challenge,capped,4,7.98,0.98672,silver,0,top4ens-total_run_time7.98h.csv,
20260808_003820_jigsaw-kb-s43,jigsaw-toxic-comment-classification-challenge,capped,6,8.35,0.98559,above-med,0,top6ens-total_run_time8.35h.csv,
20260808_003820_jigsaw-kb-s43,jigsaw-toxic-comment-classification-challenge,uncapped,1,6.71,0.98679,silver,0,top1ens-total_run_time6.71h.csv,
20260808_003820_jigsaw-kb-s43,jigsaw-toxic-comment-classification-challenge,uncapped,2,7.04,0.98734,silver,0,top2ens-total_run_time7.04h.csv,
20260808_003820_jigsaw-kb-s43,jigsaw-toxic-comment-classification-challenge,uncapped,3,7.65,0.98717,silver,0,top3ens-total_run_time7.65h.csv,
20260808_003820_jigsaw-kb-s43,jigsaw-toxic-comment-classification-challenge,uncapped,4,7.98,0.98672,silver,0,top4ens-total_run_time7.98h.csv,
20260808_003820_jigsaw-kb-s43,jigsaw-toxic-comment-classification-challenge,uncapped,5,8.23,0.98621,above-med,0,top5ens-total_run_time8.23h.csv,
20260808_003820_jigsaw-kb-s43,jigsaw-toxic-comment-classification-challenge,uncapped,6,8.35,0.98559,above-med,0,top6ens-total_run_time8.35h.csv,
20260809_224437_jigsaw-base-s44,jigsaw-toxic-comment-classification-challenge,capped,1,4.96,0.987,silver,0,top1ens-total_run_time4.96h.csv,
20260809_224437_jigsaw-base-s44,jigsaw-toxic-comment-classification-challenge,capped,2,9.9,0.98727,silver,0,top2ens-total_run_time9.9h.csv,
20260809_224437_jigsaw-base-s44,jigsaw-toxic-comment-classification-challenge,capped,3,10.48,0.98748,gold,0,top3ens-total_run_time10.48h.csv,
20260809_224437_jigsaw-base-s44,jigsaw-toxic-comment-classification-challenge,capped,4,10.99,0.98683,silver,0,top4ens-total_run_time10.99h.csv,
20260809_224437_jigsaw-base-s44,jigsaw-toxic-comment-classification-challenge,capped,6,11.73,0.98569,above-med,0,top6ens-total_run_time11.73h.csv,
20260809_224437_jigsaw-base-s44,jigsaw-toxic-comment-classification-challenge,uncapped,1,4.96,0.987,silver,0,top1ens-total_run_time4.96h.csv,
20260809_224437_jigsaw-base-s44,jigsaw-toxic-comment-classification-challenge,uncapped,2,9.9,0.98727,silver,0,top2ens-total_run_time9.9h.csv,
20260809_224437_jigsaw-base-s44,jigsaw-toxic-comment-classification-challenge,uncapped,3,10.48,0.98748,gold,0,top3ens-total_run_time10.48h.csv,
20260809_224437_jigsaw-base-s44,jigsaw-toxic-comment-classification-challenge,uncapped,4,10.99,0.98683,silver,0,top4ens-total_run_time10.99h.csv,
20260809_224437_jigsaw-base-s44,jigsaw-toxic-comment-classification-challenge,uncapped,5,11.57,0.98603,above-med,0,top5ens-total_run_time11.57h.csv,
20260809_224437_jigsaw-base-s44,jigsaw-toxic-comment-classification-challenge,uncapped,6,11.73,0.98569,above-med,0,top6ens-total_run_time11.73h.csv,
20260809_224437_jigsaw-base-s44,jigsaw-toxic-comment-classification-challenge,uncapped,7,11.79,0.98545,above-med,0,top7ens-total_run_time11.79h.csv,
20260809_224437_jigsaw-base-s44,jigsaw-toxic-comment-classification-challenge,uncapped,8,12.37,0.98518,above-med,0,top8ens-total_run_time12.37h.csv,
20260809_224437_jigsaw-base-s44,jigsaw-toxic-comment-classification-challenge,uncapped,9,12.95,0.98491,above-med,0,top9ens-total_run_time12.95h.csv,
20260809_224437_jigsaw-kb-s44,jigsaw-toxic-comment-classification-challenge,capped,1,0.41,0.98021,-,0,top1ens-total_run_time0.41h.csv,
20260809_224437_jigsaw-kb-s44,jigsaw-toxic-comment-classification-challenge,capped,2,1.21,0.98019,-,0,top2ens-total_run_time1.21h.csv,
20260809_224437_jigsaw-kb-s44,jigsaw-toxic-comment-classification-challenge,capped,3,2.0,0.97915,-,0,top3ens-total_run_time2.0h.csv,
20260809_224437_jigsaw-kb-s44,jigsaw-toxic-comment-classification-challenge,capped,4,3.25,0.97895,-,0,top4ens-total_run_time3.25h.csv,
20260809_224437_jigsaw-kb-s44,jigsaw-toxic-comment-classification-challenge,capped,6,4.22,0.97659,-,0,top6ens-total_run_time4.22h.csv,
20260809_224437_jigsaw-kb-s44,jigsaw-toxic-comment-classification-challenge,uncapped,1,0.41,0.98021,-,0,top1ens-total_run_time0.41h.csv,
20260809_224437_jigsaw-kb-s44,jigsaw-toxic-comment-classification-challenge,uncapped,2,1.21,0.98019,-,0,top2ens-total_run_time1.21h.csv,
20260809_224437_jigsaw-kb-s44,jigsaw-toxic-comment-classification-challenge,uncapped,3,2.0,0.97915,-,0,top3ens-total_run_time2.0h.csv,
20260809_224437_jigsaw-kb-s44,jigsaw-toxic-comment-classification-challenge,uncapped,4,3.25,0.97895,-,0,top4ens-total_run_time3.25h.csv,
20260809_224437_jigsaw-kb-s44,jigsaw-toxic-comment-classification-challenge,uncapped,5,4.03,0.9778,-,0,top5ens-total_run_time4.03h.csv,
20260809_224437_jigsaw-kb-s44,jigsaw-toxic-comment-classification-challenge,uncapped,6,4.22,0.97659,-,0,top6ens-total_run_time4.22h.csv,
20260809_224437_jigsaw-kb-s44,jigsaw-toxic-comment-classification-challenge,uncapped,7,8.95,0.97554,-,0,top7ens-total_run_time8.95h.csv,
20260812_223018_jigsaw-kbimp-s42,jigsaw-toxic-comment-classification-challenge,capped,1,3.47,0.98618,above-med,0,top1ens-total_run_time3.47h.csv,
20260812_223018_jigsaw-kbimp-s42,jigsaw-toxic-comment-classification-challenge,capped,2,7.34,0.9865,bronze,0,top2ens-total_run_time7.34h.csv,
20260812_223018_jigsaw-kbimp-s42,jigsaw-toxic-comment-classification-challenge,capped,3,7.83,0.98727,silver,0,top3ens-total_run_time7.83h.csv,
20260812_223018_jigsaw-kbimp-s42,jigsaw-toxic-comment-classification-challenge,uncapped,1,3.47,0.98618,above-med,0,top1ens-total_run_time3.47h.csv,
20260812_223018_jigsaw-kbimp-s42,jigsaw-toxic-comment-classification-challenge,uncapped,2,7.34,0.9865,bronze,0,top2ens-total_run_time7.34h.csv,
20260812_223018_jigsaw-kbimp-s42,jigsaw-toxic-comment-classification-challenge,uncapped,3,7.83,0.98727,silver,0,top3ens-total_run_time7.83h.csv,
20260812_223018_jigsaw-kbimp-s42,jigsaw-toxic-comment-classification-challenge,uncapped,4,9.1,0.98734,silver,0,top4ens-total_run_time9.1h.csv,
20260812_223018_jigsaw-kbimp-s42,jigsaw-toxic-comment-classification-challenge,uncapped,5,9.76,0.9873,silver,0,top5ens-total_run_time9.76h.csv,
20260812_223018_jigsaw-kbimp-s42,jigsaw-toxic-comment-classification-challenge,uncapped,6,9.95,0.98717,silver,0,top6ens-total_run_time9.95h.csv,
20260812_223018_jigsaw-kbimp-s42,jigsaw-toxic-comment-classification-challenge,uncapped,7,10.15,0.98694,silver,0,top7ens-total_run_time10.15h.csv,
20260812_223018_jigsaw-kbimp-s42,jigsaw-toxic-comment-classification-challenge,uncapped,8,10.36,0.98663,bronze,0,top8ens-total_run_time10.36h.csv,
20260812_223028_jigsaw-kbfix-s42,jigsaw-toxic-comment-classification-challenge,capped,1,0.33,0.98005,-,0,top1ens-total_run_time0.33h.csv,
20260812_223028_jigsaw-kbfix-s42,jigsaw-toxic-comment-classification-challenge,capped,2,2.05,0.98126,above-med,0,top2ens-total_run_time2.05h.csv,
20260812_223028_jigsaw-kbfix-s42,jigsaw-toxic-comment-classification-challenge,capped,3,2.51,0.98139,above-med,0,top3ens-total_run_time2.51h.csv,
20260812_223028_jigsaw-kbfix-s42,jigsaw-toxic-comment-classification-challenge,capped,4,2.72,0.98112,above-med,0,top4ens-total_run_time2.72h.csv,
20260812_223028_jigsaw-kbfix-s42,jigsaw-toxic-comment-classification-challenge,uncapped,1,0.33,0.98005,-,0,top1ens-total_run_time0.33h.csv,
20260812_223028_jigsaw-kbfix-s42,jigsaw-toxic-comment-classification-challenge,uncapped,2,2.05,0.98126,above-med,0,top2ens-total_run_time2.05h.csv,
20260812_223028_jigsaw-kbfix-s42,jigsaw-toxic-comment-classification-challenge,uncapped,3,2.51,0.98139,above-med,0,top3ens-total_run_time2.51h.csv,
20260812_223028_jigsaw-kbfix-s42,jigsaw-toxic-comment-classification-challenge,uncapped,4,2.72,0.98112,above-med,0,top4ens-total_run_time2.72h.csv,
20260813_215854_jigsaw-kbimp-s43,jigsaw-toxic-comment-classification-challenge,capped,1,2.11,0.97806,-,0,top1ens-total_run_time2.11h.csv,
20260813_215854_jigsaw-kbimp-s43,jigsaw-toxic-comment-classification-challenge,capped,2,4.71,0.9802,-,0,top2ens-total_run_time4.71h.csv,
20260813_215854_jigsaw-kbimp-s43,jigsaw-toxic-comment-classification-challenge,capped,3,6.0,0.98136,above-med,0,top3ens-total_run_time6.0h.csv,
20260813_215854_jigsaw-kbimp-s43,jigsaw-toxic-comment-classification-challenge,capped,4,7.27,0.98147,above-med,0,top4ens-total_run_time7.27h.csv,
20260813_215854_jigsaw-kbimp-s43,jigsaw-toxic-comment-classification-challenge,capped,6,8.94,0.98148,above-med,0,top6ens-total_run_time8.94h.csv,
20260813_215854_jigsaw-kbimp-s43,jigsaw-toxic-comment-classification-challenge,uncapped,10,11.13,0.97911,-,0,top10ens-total_run_time11.13h.csv,
20260813_215854_jigsaw-kbimp-s43,jigsaw-toxic-comment-classification-challenge,uncapped,11,11.66,0.97845,-,0,top11ens-total_run_time11.66h.csv,
20260813_215854_jigsaw-kbimp-s43,jigsaw-toxic-comment-classification-challenge,uncapped,12,14.32,0.97807,-,0,top12ens-total_run_time14.32h.csv,
20260813_215854_jigsaw-kbimp-s43,jigsaw-toxic-comment-classification-challenge,uncapped,1,2.11,0.97806,-,0,top1ens-total_run_time2.11h.csv,
20260813_215854_jigsaw-kbimp-s43,jigsaw-toxic-comment-classification-challenge,uncapped,2,4.71,0.9802,-,0,top2ens-total_run_time4.71h.csv,
20260813_215854_jigsaw-kbimp-s43,jigsaw-toxic-comment-classification-challenge,uncapped,3,6.0,0.98136,above-med,0,top3ens-total_run_time6.0h.csv,
20260813_215854_jigsaw-kbimp-s43,jigsaw-toxic-comment-classification-challenge,uncapped,4,7.27,0.98147,above-med,0,top4ens-total_run_time7.27h.csv,
20260813_215854_jigsaw-kbimp-s43,jigsaw-toxic-comment-classification-challenge,uncapped,5,8.52,0.98149,above-med,0,top5ens-total_run_time8.52h.csv,
20260813_215854_jigsaw-kbimp-s43,jigsaw-toxic-comment-classification-challenge,uncapped,6,8.94,0.98148,above-med,0,top6ens-total_run_time8.94h.csv,
20260813_215854_jigsaw-kbimp-s43,jigsaw-toxic-comment-classification-challenge,uncapped,7,9.79,0.98151,above-med,0,top7ens-total_run_time9.79h.csv,
20260813_215854_jigsaw-kbimp-s43,jigsaw-toxic-comment-classification-challenge,uncapped,8,10.59,0.98156,above-med,0,top8ens-total_run_time10.59h.csv,
20260813_215854_jigsaw-kbimp-s43,jigsaw-toxic-comment-classification-challenge,uncapped,9,10.86,0.98012,-,0,top9ens-total_run_time10.86h.csv,
20260813_215855_jigsaw-kbfix-s43,jigsaw-toxic-comment-classification-challenge,capped,1,0.39,0.97229,-,0,top1ens-total_run_time0.39h.csv,
20260813_215855_jigsaw-kbfix-s43,jigsaw-toxic-comment-classification-challenge,capped,2,0.8,0.97229,-,0,top2ens-total_run_time0.8h.csv,
20260813_215855_jigsaw-kbfix-s43,jigsaw-toxic-comment-classification-challenge,capped,3,0.98,,-,0,top3ens-total_run_time0.98h.csv,
20260813_215855_jigsaw-kbfix-s43,jigsaw-toxic-comment-classification-challenge,capped,4,1.21,,-,0,top4ens-total_run_time1.21h.csv,
20260813_215855_jigsaw-kbfix-s43,jigsaw-toxic-comment-classification-challenge,capped,6,1.77,,-,0,top6ens-total_run_time1.77h.csv,
20260813_215855_jigsaw-kbfix-s43,jigsaw-toxic-comment-classification-challenge,uncapped,1,0.39,0.97229,-,0,top1ens-total_run_time0.39h.csv,
20260813_215855_jigsaw-kbfix-s43,jigsaw-toxic-comment-classification-challenge,uncapped,2,0.8,0.97229,-,0,top2ens-total_run_time0.8h.csv,
20260813_215855_jigsaw-kbfix-s43,jigsaw-toxic-comment-classification-challenge,uncapped,3,0.98,,-,0,top3ens-total_run_time0.98h.csv,
20260813_215855_jigsaw-kbfix-s43,jigsaw-toxic-comment-classification-challenge,uncapped,4,1.21,,-,0,top4ens-total_run_time1.21h.csv,
20260813_215855_jigsaw-kbfix-s43,jigsaw-toxic-comment-classification-challenge,uncapped,5,1.57,,-,0,top5ens-total_run_time1.57h.csv,
20260813_215855_jigsaw-kbfix-s43,jigsaw-toxic-comment-classification-challenge,uncapped,6,1.77,,-,0,top6ens-total_run_time1.77h.csv,
20260813_215855_jigsaw-kbfix-s43,jigsaw-toxic-comment-classification-challenge,uncapped,7,2.18,,-,0,top7ens-total_run_time2.18h.csv,
20260814_201238_jigsaw-kbimp-s44,jigsaw-toxic-comment-classification-challenge,capped,1,7.56,0.98344,above-med,0,top1ens-total_run_time7.56h.csv,
20260814_201238_jigsaw-kbimp-s44,jigsaw-toxic-comment-classification-challenge,capped,2,7.99,0.98343,above-med,0,top2ens-total_run_time7.99h.csv,
20260814_201238_jigsaw-kbimp-s44,jigsaw-toxic-comment-classification-challenge,capped,3,8.35,0.98278,above-med,0,top3ens-total_run_time8.35h.csv,
20260814_201238_jigsaw-kbimp-s44,jigsaw-toxic-comment-classification-challenge,uncapped,1,7.56,0.98344,above-med,0,top1ens-total_run_time7.56h.csv,
20260814_201238_jigsaw-kbimp-s44,jigsaw-toxic-comment-classification-challenge,uncapped,2,7.99,0.98343,above-med,0,top2ens-total_run_time7.99h.csv,
20260814_201238_jigsaw-kbimp-s44,jigsaw-toxic-comment-classification-challenge,uncapped,3,8.35,0.98278,above-med,0,top3ens-total_run_time8.35h.csv,
20260814_201238_jigsaw-kbimp-s44,jigsaw-toxic-comment-classification-challenge,uncapped,4,9.2,0.98256,above-med,0,top4ens-total_run_time9.2h.csv,
20260814_201238_jigsaw-kbimp-s44,jigsaw-toxic-comment-classification-challenge,uncapped,5,10.28,0.98246,above-med,0,top5ens-total_run_time10.28h.csv,
20260814_201239_jigsaw-kbfix-s44,jigsaw-toxic-comment-classification-challenge,capped,1,0.3,0.96869,-,0,top1ens-total_run_time0.3h.csv,
20260814_201239_jigsaw-kbfix-s44,jigsaw-toxic-comment-classification-challenge,capped,2,0.85,0.96828,-,0,top2ens-total_run_time0.85h.csv,
20260814_201239_jigsaw-kbfix-s44,jigsaw-toxic-comment-classification-challenge,capped,3,1.8,0.97042,-,0,top3ens-total_run_time1.8h.csv,
20260814_201239_jigsaw-kbfix-s44,jigsaw-toxic-comment-classification-challenge,capped,4,2.36,0.97104,-,0,top4ens-total_run_time2.36h.csv,
20260814_201239_jigsaw-kbfix-s44,jigsaw-toxic-comment-classification-challenge,capped,6,7.2,0.97376,-,0,top6ens-total_run_time7.2h.csv,
20260814_201239_jigsaw-kbfix-s44,jigsaw-toxic-comment-classification-challenge,uncapped,1,0.3,0.96869,-,0,top1ens-total_run_time0.3h.csv,
20260814_201239_jigsaw-kbfix-s44,jigsaw-toxic-comment-classification-challenge,uncapped,2,0.85,0.96828,-,0,top2ens-total_run_time0.85h.csv,
20260814_201239_jigsaw-kbfix-s44,jigsaw-toxic-comment-classification-challenge,uncapped,3,1.8,0.97042,-,0,top3ens-total_run_time1.8h.csv,
20260814_201239_jigsaw-kbfix-s44,jigsaw-toxic-comment-classification-challenge,uncapped,4,2.36,0.97104,-,0,top4ens-total_run_time2.36h.csv,
20260814_201239_jigsaw-kbfix-s44,jigsaw-toxic-comment-classification-challenge,uncapped,5,3.8,0.9735,-,0,top5ens-total_run_time3.8h.csv,
20260814_201239_jigsaw-kbfix-s44,jigsaw-toxic-comment-classification-challenge,uncapped,6,7.2,0.97376,-,0,top6ens-total_run_time7.2h.csv,
20260814_201239_jigsaw-kbfix-s44,jigsaw-toxic-comment-classification-challenge,uncapped,7,8.58,0.97352,-,0,top7ens-total_run_time8.58h.csv,
20260814_201239_jigsaw-kbfix-s44,jigsaw-toxic-comment-classification-challenge,uncapped,8,13.1,0.97323,-,0,top8ens-total_run_time13.1h.csv,
20260814_201239_jigsaw-kbfix-s44,jigsaw-toxic-comment-classification-challenge,uncapped,9,13.29,0.97304,-,0,top9ens-total_run_time13.29h.csv,
20260814_223034_essay-base,learning-agency-lab-automated-essay-scoring-2,capped,1,0.12,0.78021,-,0,top1ens-total_run_time0.12h.csv,
20260814_223034_essay-base,learning-agency-lab-automated-essay-scoring-2,uncapped,1,0.12,0.78021,-,0,top1ens-total_run_time0.12h.csv,
20260814_223034_essay-kbimp,learning-agency-lab-automated-essay-scoring-2,capped,1,0.42,0.83184,above-med,0,top1ens-total_run_time0.42h.csv,
20260814_223034_essay-kbimp,learning-agency-lab-automated-essay-scoring-2,capped,2,0.67,0.83184,above-med,0,top2ens-total_run_time0.67h.csv,
20260814_223034_essay-kbimp,learning-agency-lab-automated-essay-scoring-2,capped,3,0.76,0.83184,above-med,0,top3ens-total_run_time0.76h.csv,
20260814_223034_essay-kbimp,learning-agency-lab-automated-essay-scoring-2,capped,4,0.85,0.83197,above-med,0,top4ens-total_run_time0.85h.csv,
20260814_223034_essay-kbimp,learning-agency-lab-automated-essay-scoring-2,capped,6,1.85,0.8292,above-med,0,top6ens-total_run_time1.85h.csv,
20260814_223034_essay-kbimp,learning-agency-lab-automated-essay-scoring-2,uncapped,1,0.42,0.83184,above-med,0,top1ens-total_run_time0.42h.csv,
20260814_223034_essay-kbimp,learning-agency-lab-automated-essay-scoring-2,uncapped,2,0.67,0.83184,above-med,0,top2ens-total_run_time0.67h.csv,
20260814_223034_essay-kbimp,learning-agency-lab-automated-essay-scoring-2,uncapped,3,0.76,0.83184,above-med,0,top3ens-total_run_time0.76h.csv,
20260814_223034_essay-kbimp,learning-agency-lab-automated-essay-scoring-2,uncapped,4,0.85,0.83197,above-med,0,top4ens-total_run_time0.85h.csv,
20260814_223034_essay-kbimp,learning-agency-lab-automated-essay-scoring-2,uncapped,5,0.92,0.83109,above-med,0,top5ens-total_run_time0.92h.csv,
20260814_223034_essay-kbimp,learning-agency-lab-automated-essay-scoring-2,uncapped,6,1.85,0.8292,above-med,0,top6ens-total_run_time1.85h.csv,
20260814_223832_essay-kb,learning-agency-lab-automated-essay-scoring-2,capped,1,2.82,0.83909,gold,0,top1ens-total_run_time2.82h.csv,
20260814_223832_essay-kb,learning-agency-lab-automated-essay-scoring-2,capped,2,6.75,0.83909,gold,0,top2ens-total_run_time6.75h.csv,
20260814_223832_essay-kb,learning-agency-lab-automated-essay-scoring-2,uncapped,1,2.82,0.83909,gold,0,top1ens-total_run_time2.82h.csv,
20260814_223832_essay-kb,learning-agency-lab-automated-essay-scoring-2,uncapped,2,6.75,0.83909,gold,0,top2ens-total_run_time6.75h.csv,
20260814_223832_essay-kb,learning-agency-lab-automated-essay-scoring-2,uncapped,3,13.74,0.83909,gold,0,top3ens-total_run_time13.74h.csv,
20260814_223832_essay-kb,learning-agency-lab-automated-essay-scoring-2,uncapped,4,14.97,0.8469,gold,0,top4ens-total_run_time14.97h.csv,
20260814_223832_essay-kb,learning-agency-lab-automated-essay-scoring-2,uncapped,5,16.8,0.84756,gold,0,top5ens-total_run_time16.8h.csv,
20260814_223832_essay-kb,learning-agency-lab-automated-essay-scoring-2,uncapped,6,20.01,0.84501,gold,0,top6ens-total_run_time20.01h.csv,
20260814_223832_essay-kb,learning-agency-lab-automated-essay-scoring-2,uncapped,7,22.09,0.84408,gold,0,top7ens-total_run_time22.09h.csv,
20260816_043435_lmsys-kb,lmsys-chatbot-arena,capped,1,1.18,1.08526,-,1,top1ens-total_run_time1.18h.csv,
20260816_043435_lmsys-kb,lmsys-chatbot-arena,uncapped,1,1.18,1.08526,-,1,top1ens-total_run_time1.18h.csv,
20260816_043500_lmsys-kbimp,lmsys-chatbot-arena,uncapped,1,0.2,1.01495,above-med,1,top1ens-total_run_time0.2h.csv,
20260816_043620_lmsys-base,lmsys-chatbot-arena,capped,1,1.29,1.03468,above-med,1,top1ens-total_run_time1.29h.csv,
20260816_043620_lmsys-base,lmsys-chatbot-arena,capped,2,4.16,1.033,above-med,1,top2ens-total_run_time4.16h.csv,
20260816_043620_lmsys-base,lmsys-chatbot-arena,capped,3,7.31,1.03101,above-med,1,top3ens-total_run_time7.31h.csv,
20260816_043620_lmsys-base,lmsys-chatbot-arena,uncapped,1,1.29,1.03468,above-med,1,top1ens-total_run_time1.29h.csv,
20260816_043620_lmsys-base,lmsys-chatbot-arena,uncapped,2,4.16,1.033,above-med,1,top2ens-total_run_time4.16h.csv,
20260816_043620_lmsys-base,lmsys-chatbot-arena,uncapped,3,7.31,1.03101,above-med,1,top3ens-total_run_time7.31h.csv,
20260816_062536_essay-kb-s43,learning-agency-lab-automated-essay-scoring-2,capped,1,0.6,0.82709,-,0,top1ens-total_run_time0.6h.csv,
20260816_062536_essay-kb-s43,learning-agency-lab-automated-essay-scoring-2,capped,2,1.74,0.82709,-,0,top2ens-total_run_time1.74h.csv,
20260816_062536_essay-kb-s43,learning-agency-lab-automated-essay-scoring-2,capped,3,3.74,0.82709,-,0,top3ens-total_run_time3.74h.csv,
20260816_062536_essay-kb-s43,learning-agency-lab-automated-essay-scoring-2,capped,4,5.95,0.83759,gold,0,top4ens-total_run_time5.95h.csv,
20260816_062536_essay-kb-s43,learning-agency-lab-automated-essay-scoring-2,capped,6,8.15,0.83591,gold,0,top6ens-total_run_time8.15h.csv,
20260816_062536_essay-kb-s43,learning-agency-lab-automated-essay-scoring-2,uncapped,10,12.89,0.8325,above-med,0,top10ens-total_run_time12.89h.csv,
20260816_062536_essay-kb-s43,learning-agency-lab-automated-essay-scoring-2,uncapped,11,14.39,0.83211,above-med,0,top11ens-total_run_time14.39h.csv,
20260816_062536_essay-kb-s43,learning-agency-lab-automated-essay-scoring-2,uncapped,1,0.6,0.82709,-,0,top1ens-total_run_time0.6h.csv,
20260816_062536_essay-kb-s43,learning-agency-lab-automated-essay-scoring-2,uncapped,2,1.74,0.82709,-,0,top2ens-total_run_time1.74h.csv,
20260816_062536_essay-kb-s43,learning-agency-lab-automated-essay-scoring-2,uncapped,3,3.74,0.82709,-,0,top3ens-total_run_time3.74h.csv,
20260816_062536_essay-kb-s43,learning-agency-lab-automated-essay-scoring-2,uncapped,4,5.95,0.83759,gold,0,top4ens-total_run_time5.95h.csv,
20260816_062536_essay-kb-s43,learning-agency-lab-automated-essay-scoring-2,uncapped,5,8.08,0.83614,gold,0,top5ens-total_run_time8.08h.csv,
20260816_062536_essay-kb-s43,learning-agency-lab-automated-essay-scoring-2,uncapped,6,8.15,0.83591,gold,0,top6ens-total_run_time8.15h.csv,
20260816_062536_essay-kb-s43,learning-agency-lab-automated-essay-scoring-2,uncapped,7,9.63,0.83577,silver,0,top7ens-total_run_time9.63h.csv,
20260816_062536_essay-kb-s43,learning-agency-lab-automated-essay-scoring-2,uncapped,8,10.94,0.83429,above-med,0,top8ens-total_run_time10.94h.csv,
20260816_062536_essay-kb-s43,learning-agency-lab-automated-essay-scoring-2,uncapped,9,11.6,0.83236,above-med,0,top9ens-total_run_time11.6h.csv,
20260816_063351_essay-base-s43,learning-agency-lab-automated-essay-scoring-2,capped,1,2.11,0.84268,gold,0,top1ens-total_run_time2.11h.csv,
20260816_063351_essay-base-s43,learning-agency-lab-automated-essay-scoring-2,capped,2,4.28,0.84268,gold,0,top2ens-total_run_time4.28h.csv,
20260816_063351_essay-base-s43,learning-agency-lab-automated-essay-scoring-2,capped,3,4.35,0.84268,gold,0,top3ens-total_run_time4.35h.csv,
20260816_063351_essay-base-s43,learning-agency-lab-automated-essay-scoring-2,uncapped,1,2.11,0.84268,gold,0,top1ens-total_run_time2.11h.csv,
20260816_063351_essay-base-s43,learning-agency-lab-automated-essay-scoring-2,uncapped,2,4.28,0.84268,gold,0,top2ens-total_run_time4.28h.csv,
20260816_063351_essay-base-s43,learning-agency-lab-automated-essay-scoring-2,uncapped,3,4.35,0.84268,gold,0,top3ens-total_run_time4.35h.csv,
20260816_063352_essay-kbimp-s43,learning-agency-lab-automated-essay-scoring-2,capped,1,4.84,0.79925,-,0,top1ens-total_run_time4.84h.csv,
20260816_063352_essay-kbimp-s43,learning-agency-lab-automated-essay-scoring-2,capped,2,5.57,0.79925,-,0,top2ens-total_run_time5.57h.csv,
20260816_063352_essay-kbimp-s43,learning-agency-lab-automated-essay-scoring-2,capped,3,6.57,0.79925,-,0,top3ens-total_run_time6.57h.csv,
20260816_063352_essay-kbimp-s43,learning-agency-lab-automated-essay-scoring-2,capped,4,6.66,0.81225,-,0,top4ens-total_run_time6.66h.csv,
20260816_063352_essay-kbimp-s43,learning-agency-lab-automated-essay-scoring-2,uncapped,1,4.84,0.79925,-,0,top1ens-total_run_time4.84h.csv,
20260816_063352_essay-kbimp-s43,learning-agency-lab-automated-essay-scoring-2,uncapped,2,5.57,0.79925,-,0,top2ens-total_run_time5.57h.csv,
20260816_063352_essay-kbimp-s43,learning-agency-lab-automated-essay-scoring-2,uncapped,3,6.57,0.79925,-,0,top3ens-total_run_time6.57h.csv,
20260816_063352_essay-kbimp-s43,learning-agency-lab-automated-essay-scoring-2,uncapped,4,6.66,0.81225,-,0,top4ens-total_run_time6.66h.csv,
20260816_102136_lmsys-kbimp,lmsys-chatbot-arena,uncapped,1,0.27,1.03817,above-med,1,top1ens-total_run_time0.27h.csv,
20260817_022101_lmsys-kb,lmsys-chatbot-arena,capped,1,6.87,1.02788,above-med,1,top1ens-total_run_time6.87h.csv,
20260817_022101_lmsys-kb,lmsys-chatbot-arena,capped,2,9.87,1.02212,above-med,1,top2ens-total_run_time9.87h.csv,
20260817_022101_lmsys-kb,lmsys-chatbot-arena,capped,3,10.09,1.02284,above-med,1,top3ens-total_run_time10.09h.csv,
20260817_022101_lmsys-kb,lmsys-chatbot-arena,capped,4,15.24,1.02322,above-med,1,top4ens-total_run_time15.24h.csv,
20260817_022101_lmsys-kb,lmsys-chatbot-arena,uncapped,1,6.87,1.02788,above-med,1,top1ens-total_run_time6.87h.csv,
20260817_022101_lmsys-kb,lmsys-chatbot-arena,uncapped,2,9.87,1.02212,above-med,1,top2ens-total_run_time9.87h.csv,
20260817_022101_lmsys-kb,lmsys-chatbot-arena,uncapped,3,10.09,1.02284,above-med,1,top3ens-total_run_time10.09h.csv,
20260817_022101_lmsys-kb,lmsys-chatbot-arena,uncapped,4,15.24,1.02322,above-med,1,top4ens-total_run_time15.24h.csv,
20260817_022101_lmsys-kb,lmsys-chatbot-arena,uncapped,5,21.48,1.02241,above-med,1,top5ens-total_run_time21.48h.csv,
20260817_022101_lmsys-kb,lmsys-chatbot-arena,uncapped,6,26.55,1.02365,above-med,1,top6ens-total_run_time26.55h.csv,
20260817_022101_lmsys-kbimp,lmsys-chatbot-arena,capped,1,2.57,1.03584,above-med,1,top1ens-total_run_time2.57h.csv,
20260817_022101_lmsys-kbimp,lmsys-chatbot-arena,capped,2,2.75,1.01788,above-med,1,top2ens-total_run_time2.75h.csv,
20260817_022101_lmsys-kbimp,lmsys-chatbot-arena,uncapped,1,2.57,1.03584,above-med,1,top1ens-total_run_time2.57h.csv,
20260817_022101_lmsys-kbimp,lmsys-chatbot-arena,uncapped,2,2.75,1.01788,above-med,1,top2ens-total_run_time2.75h.csv,
20260817_022311_lmsys-base,lmsys-chatbot-arena,capped,1,0.53,1.02621,above-med,1,top1ens-total_run_time0.53h.csv,
20260817_022311_lmsys-base,lmsys-chatbot-arena,capped,2,2.04,1.02362,above-med,1,top2ens-total_run_time2.04h.csv,
20260817_022311_lmsys-base,lmsys-chatbot-arena,uncapped,1,0.53,1.02621,above-med,1,top1ens-total_run_time0.53h.csv,
20260817_022311_lmsys-base,lmsys-chatbot-arena,uncapped,2,2.04,1.02362,above-med,1,top2ens-total_run_time2.04h.csv,
20260817_193119_essay-base-s43,learning-agency-lab-automated-essay-scoring-2,capped,1,6.59,0.82216,-,0,top1ens-total_run_time6.59h.csv,
20260817_193119_essay-base-s43,learning-agency-lab-automated-essay-scoring-2,capped,2,8.48,0.82216,-,0,top2ens-total_run_time8.48h.csv,
20260817_193119_essay-base-s43,learning-agency-lab-automated-essay-scoring-2,uncapped,1,6.59,0.82216,-,0,top1ens-total_run_time6.59h.csv,
20260817_193119_essay-base-s43,learning-agency-lab-automated-essay-scoring-2,uncapped,2,8.48,0.82216,-,0,top2ens-total_run_time8.48h.csv,
20260817_193119_essay-base-s43,learning-agency-lab-automated-essay-scoring-2,uncapped,3,9.37,0.82216,-,0,top3ens-total_run_time9.37h.csv,
20260817_193119_essay-base-s43,learning-agency-lab-automated-essay-scoring-2,uncapped,4,10.22,0.81186,-,0,top4ens-total_run_time10.22h.csv,
20260817_193119_essay-base-s43,learning-agency-lab-automated-essay-scoring-2,uncapped,5,12.08,0.81165,-,0,top5ens-total_run_time12.08h.csv,
20260817_193119_essay-base-s43,learning-agency-lab-automated-essay-scoring-2,uncapped,6,12.18,0.81165,-,0,top6ens-total_run_time12.18h.csv,
20260817_193958_essay-kb-s43,learning-agency-lab-automated-essay-scoring-2,capped,1,3.05,0.83332,above-med,0,top1ens-total_run_time3.05h.csv,
20260817_193958_essay-kb-s43,learning-agency-lab-automated-essay-scoring-2,capped,2,7.57,0.83332,above-med,0,top2ens-total_run_time7.57h.csv,
20260817_193958_essay-kb-s43,learning-agency-lab-automated-essay-scoring-2,uncapped,1,3.05,0.83332,above-med,0,top1ens-total_run_time3.05h.csv,
20260817_193958_essay-kb-s43,learning-agency-lab-automated-essay-scoring-2,uncapped,2,7.57,0.83332,above-med,0,top2ens-total_run_time7.57h.csv,
20260817_193958_essay-kb-s43,learning-agency-lab-automated-essay-scoring-2,uncapped,3,9.88,0.83332,above-med,0,top3ens-total_run_time9.88h.csv,
20260817_193958_essay-kb-s43,learning-agency-lab-automated-essay-scoring-2,uncapped,4,12.52,0.84009,gold,0,top4ens-total_run_time12.52h.csv,
20260817_193958_essay-kb-s43,learning-agency-lab-automated-essay-scoring-2,uncapped,5,14.76,0.84128,gold,0,top5ens-total_run_time14.76h.csv,
20260817_193958_essay-kb-s43,learning-agency-lab-automated-essay-scoring-2,uncapped,6,14.84,0.84184,gold,0,top6ens-total_run_time14.84h.csv,
20260817_193958_essay-kb-s43,learning-agency-lab-automated-essay-scoring-2,uncapped,7,21.52,0.84063,gold,0,top7ens-total_run_time21.52h.csv,
20260817_193958_essay-kbimp-s43,learning-agency-lab-automated-essay-scoring-2,capped,1,4.1,0.83243,above-med,0,top1ens-total_run_time4.1h.csv,
20260817_193958_essay-kbimp-s43,learning-agency-lab-automated-essay-scoring-2,capped,2,8.42,0.83243,above-med,0,top2ens-total_run_time8.42h.csv,
20260817_193958_essay-kbimp-s43,learning-agency-lab-automated-essay-scoring-2,uncapped,1,4.1,0.83243,above-med,0,top1ens-total_run_time4.1h.csv,
20260817_193958_essay-kbimp-s43,learning-agency-lab-automated-essay-scoring-2,uncapped,2,8.42,0.83243,above-med,0,top2ens-total_run_time8.42h.csv,
20260817_193958_essay-kbimp-s43,learning-agency-lab-automated-essay-scoring-2,uncapped,3,9.33,0.83243,above-med,0,top3ens-total_run_time9.33h.csv,
20260817_193958_essay-kbimp-s43,learning-agency-lab-automated-essay-scoring-2,uncapped,4,10.28,0.83243,above-med,0,top4ens-total_run_time10.28h.csv,
20260817_193958_essay-kbimp-s43,learning-agency-lab-automated-essay-scoring-2,uncapped,5,10.79,0.83243,above-med,0,top5ens-total_run_time10.79h.csv,
20260817_193958_essay-kbimp-s43,learning-agency-lab-automated-essay-scoring-2,uncapped,6,11.45,0.83243,above-med,0,top6ens-total_run_time11.45h.csv,
20260817_193958_essay-kbimp-s43,learning-agency-lab-automated-essay-scoring-2,uncapped,7,12.37,0.83161,above-med,0,top7ens-total_run_time12.37h.csv,
20260817_193958_essay-kbimp-s43,learning-agency-lab-automated-essay-scoring-2,uncapped,8,12.44,0.8307,above-med,0,top8ens-total_run_time12.44h.csv,
20260817_193958_essay-kbimp-s43,learning-agency-lab-automated-essay-scoring-2,uncapped,9,12.5,0.83099,above-med,0,top9ens-total_run_time12.5h.csv,
20260817_231316_lmsys-base-s43,lmsys-chatbot-arena,capped,1,1.29,1.05187,above-med,1,top1ens-total_run_time1.29h.csv,
20260817_231316_lmsys-base-s43,lmsys-chatbot-arena,capped,2,5.38,1.05512,-,1,top2ens-total_run_time5.38h.csv,
20260817_231316_lmsys-base-s43,lmsys-chatbot-arena,uncapped,1,1.29,1.05187,above-med,1,top1ens-total_run_time1.29h.csv,
20260817_231316_lmsys-base-s43,lmsys-chatbot-arena,uncapped,2,5.38,1.05512,-,1,top2ens-total_run_time5.38h.csv,
20260817_231316_lmsys-base-s43,lmsys-chatbot-arena,uncapped,3,9.59,1.05847,-,1,top3ens-total_run_time9.59h.csv,
20260817_231316_lmsys-base-s43,lmsys-chatbot-arena,uncapped,4,10.66,1.06198,-,1,top4ens-total_run_time10.66h.csv,
20260817_231430_lmsys-kb-s43,lmsys-chatbot-arena,capped,1,0.78,1.04961,above-med,1,top1ens-total_run_time0.78h.csv,
20260817_231430_lmsys-kb-s43,lmsys-chatbot-arena,capped,2,1.83,1.04982,above-med,1,top2ens-total_run_time1.83h.csv,
20260817_231430_lmsys-kb-s43,lmsys-chatbot-arena,uncapped,1,0.78,1.04961,above-med,1,top1ens-total_run_time0.78h.csv,
20260817_231430_lmsys-kb-s43,lmsys-chatbot-arena,uncapped,2,1.83,1.04982,above-med,1,top2ens-total_run_time1.83h.csv,
20260817_231430_lmsys-kb-s43,lmsys-chatbot-arena,uncapped,3,10.01,1.03065,above-med,1,top3ens-total_run_time10.01h.csv,
20260817_231430_lmsys-kb-s43,lmsys-chatbot-arena,uncapped,4,14.1,1.0262,above-med,1,top4ens-total_run_time14.1h.csv,
20260817_231430_lmsys-kb-s43,lmsys-chatbot-arena,uncapped,5,18.1,1.0266,above-med,1,top5ens-total_run_time18.1h.csv,
20260817_231430_lmsys-kb-s43,lmsys-chatbot-arena,uncapped,6,18.55,1.0257,above-med,1,top6ens-total_run_time18.55h.csv,
20260818_203923_essay-base-s44,learning-agency-lab-automated-essay-scoring-2,capped,1,2.32,0.83677,gold,0,top1ens-total_run_time2.32h.csv,
20260818_203923_essay-base-s44,learning-agency-lab-automated-essay-scoring-2,capped,2,5.29,0.83677,gold,0,top2ens-total_run_time5.29h.csv,
20260818_203923_essay-base-s44,learning-agency-lab-automated-essay-scoring-2,capped,3,8.27,0.83677,gold,0,top3ens-total_run_time8.27h.csv,
20260818_203923_essay-base-s44,learning-agency-lab-automated-essay-scoring-2,uncapped,1,2.32,0.83677,gold,0,top1ens-total_run_time2.32h.csv,
20260818_203923_essay-base-s44,learning-agency-lab-automated-essay-scoring-2,uncapped,2,5.29,0.83677,gold,0,top2ens-total_run_time5.29h.csv,
20260818_203923_essay-base-s44,learning-agency-lab-automated-essay-scoring-2,uncapped,3,8.27,0.83677,gold,0,top3ens-total_run_time8.27h.csv,
20260818_203923_essay-base-s44,learning-agency-lab-automated-essay-scoring-2,uncapped,4,13.03,0.8362,gold,0,top4ens-total_run_time13.03h.csv,
20260818_203923_essay-base-s44,learning-agency-lab-automated-essay-scoring-2,uncapped,5,13.09,0.8376,gold,0,top5ens-total_run_time13.09h.csv,
20260818_203923_essay-base-s44,learning-agency-lab-automated-essay-scoring-2,uncapped,6,13.39,0.84043,gold,0,top6ens-total_run_time13.39h.csv,
20260818_203923_essay-kb-s44,learning-agency-lab-automated-essay-scoring-2,capped,1,4.92,0.82915,above-med,0,top1ens-total_run_time4.92h.csv,
20260818_203923_essay-kb-s44,learning-agency-lab-automated-essay-scoring-2,capped,2,5.36,0.82915,above-med,0,top2ens-total_run_time5.36h.csv,
20260818_203923_essay-kb-s44,learning-agency-lab-automated-essay-scoring-2,capped,3,5.84,0.82915,above-med,0,top3ens-total_run_time5.84h.csv,
20260818_203923_essay-kb-s44,learning-agency-lab-automated-essay-scoring-2,capped,4,6.27,0.81466,-,0,top4ens-total_run_time6.27h.csv,
20260818_203923_essay-kb-s44,learning-agency-lab-automated-essay-scoring-2,capped,6,6.78,0.81456,-,0,top6ens-total_run_time6.78h.csv,
20260818_203923_essay-kb-s44,learning-agency-lab-automated-essay-scoring-2,uncapped,1,4.92,0.82915,above-med,0,top1ens-total_run_time4.92h.csv,
20260818_203923_essay-kb-s44,learning-agency-lab-automated-essay-scoring-2,uncapped,2,5.36,0.82915,above-med,0,top2ens-total_run_time5.36h.csv,
20260818_203923_essay-kb-s44,learning-agency-lab-automated-essay-scoring-2,uncapped,3,5.84,0.82915,above-med,0,top3ens-total_run_time5.84h.csv,
20260818_203923_essay-kb-s44,learning-agency-lab-automated-essay-scoring-2,uncapped,4,6.27,0.81466,-,0,top4ens-total_run_time6.27h.csv,
20260818_203923_essay-kb-s44,learning-agency-lab-automated-essay-scoring-2,uncapped,5,6.68,0.81466,-,0,top5ens-total_run_time6.68h.csv,
20260818_203923_essay-kb-s44,learning-agency-lab-automated-essay-scoring-2,uncapped,6,6.78,0.81456,-,0,top6ens-total_run_time6.78h.csv,
20260818_203923_essay-kbimp-s44,learning-agency-lab-automated-essay-scoring-2,capped,1,1.88,0.84264,gold,0,top1ens-total_run_time1.88h.csv,
20260818_203923_essay-kbimp-s44,learning-agency-lab-automated-essay-scoring-2,capped,2,4.25,0.84264,gold,0,top2ens-total_run_time4.25h.csv,
20260818_203923_essay-kbimp-s44,learning-agency-lab-automated-essay-scoring-2,capped,3,6.0,0.84264,gold,0,top3ens-total_run_time6.0h.csv,
20260818_203923_essay-kbimp-s44,learning-agency-lab-automated-essay-scoring-2,capped,4,8.8,0.84684,gold,0,top4ens-total_run_time8.8h.csv,
20260818_203923_essay-kbimp-s44,learning-agency-lab-automated-essay-scoring-2,uncapped,10,21.43,0.83879,gold,0,top10ens-total_run_time21.43h.csv,
20260818_203923_essay-kbimp-s44,learning-agency-lab-automated-essay-scoring-2,uncapped,11,22.98,0.83603,gold,0,top11ens-total_run_time22.98h.csv,
20260818_203923_essay-kbimp-s44,learning-agency-lab-automated-essay-scoring-2,uncapped,12,24.06,0.83488,bronze,0,top12ens-total_run_time24.06h.csv,
20260818_203923_essay-kbimp-s44,learning-agency-lab-automated-essay-scoring-2,uncapped,1,1.88,0.84264,gold,0,top1ens-total_run_time1.88h.csv,
20260818_203923_essay-kbimp-s44,learning-agency-lab-automated-essay-scoring-2,uncapped,2,4.25,0.84264,gold,0,top2ens-total_run_time4.25h.csv,
20260818_203923_essay-kbimp-s44,learning-agency-lab-automated-essay-scoring-2,uncapped,3,6.0,0.84264,gold,0,top3ens-total_run_time6.0h.csv,
20260818_203923_essay-kbimp-s44,learning-agency-lab-automated-essay-scoring-2,uncapped,4,8.8,0.84684,gold,0,top4ens-total_run_time8.8h.csv,
20260818_203923_essay-kbimp-s44,learning-agency-lab-automated-essay-scoring-2,uncapped,5,8.88,0.83748,gold,0,top5ens-total_run_time8.88h.csv,
20260818_203923_essay-kbimp-s44,learning-agency-lab-automated-essay-scoring-2,uncapped,6,12.65,0.83713,gold,0,top6ens-total_run_time12.65h.csv,
20260818_203923_essay-kbimp-s44,learning-agency-lab-automated-essay-scoring-2,uncapped,7,15.89,0.83793,gold,0,top7ens-total_run_time15.89h.csv,
20260818_203923_essay-kbimp-s44,learning-agency-lab-automated-essay-scoring-2,uncapped,8,17.87,0.8412,gold,0,top8ens-total_run_time17.87h.csv,
20260818_203923_essay-kbimp-s44,learning-agency-lab-automated-essay-scoring-2,uncapped,9,19.78,0.83848,gold,0,top9ens-total_run_time19.78h.csv,
20260818_231927_lmsys-kb-s43,lmsys-chatbot-arena,capped,1,3.82,1.02738,above-med,1,top1ens-total_run_time3.82h.csv,
20260818_231927_lmsys-kb-s43,lmsys-chatbot-arena,capped,2,3.9,1.01563,above-med,1,top2ens-total_run_time3.9h.csv,
20260818_231927_lmsys-kb-s43,lmsys-chatbot-arena,uncapped,1,3.82,1.02738,above-med,1,top1ens-total_run_time3.82h.csv,
20260818_231927_lmsys-kb-s43,lmsys-chatbot-arena,uncapped,2,3.9,1.01563,above-med,1,top2ens-total_run_time3.9h.csv,
20260818_231927_lmsys-kb-s43,lmsys-chatbot-arena,uncapped,3,9.24,1.01576,above-med,1,top3ens-total_run_time9.24h.csv,
20260818_231927_lmsys-kb-s43,lmsys-chatbot-arena,uncapped,4,9.59,1.0155,above-med,1,top4ens-total_run_time9.59h.csv,
20260818_231927_lmsys-kb-s43,lmsys-chatbot-arena,uncapped,5,10.32,1.01629,above-med,1,top5ens-total_run_time10.32h.csv,
20260818_231927_lmsys-kb-s43,lmsys-chatbot-arena,uncapped,6,16.64,1.01703,above-med,1,top6ens-total_run_time16.64h.csv,
20260818_232939_lmsys-base-s43,lmsys-chatbot-arena,capped,1,0.07,1.03976,above-med,1,top1ens-total_run_time0.07h.csv,
20260818_232939_lmsys-base-s43,lmsys-chatbot-arena,capped,2,2.88,1.02607,above-med,1,top2ens-total_run_time2.88h.csv,
20260818_232939_lmsys-base-s43,lmsys-chatbot-arena,capped,3,8.76,1.0265,above-med,1,top3ens-total_run_time8.76h.csv,
20260818_232939_lmsys-base-s43,lmsys-chatbot-arena,uncapped,1,0.07,1.03976,above-med,1,top1ens-total_run_time0.07h.csv,
20260818_232939_lmsys-base-s43,lmsys-chatbot-arena,uncapped,2,2.88,1.02607,above-med,1,top2ens-total_run_time2.88h.csv,
20260818_232939_lmsys-base-s43,lmsys-chatbot-arena,uncapped,3,8.76,1.0265,above-med,1,top3ens-total_run_time8.76h.csv,
20260818_233128_lmsys-kbimp-s43,lmsys-chatbot-arena,capped,1,0.09,1.01325,above-med,1,top1ens-total_run_time0.09h.csv,
20260818_233128_lmsys-kbimp-s43,lmsys-chatbot-arena,capped,2,0.17,1.01261,above-med,1,top2ens-total_run_time0.17h.csv,
20260818_233128_lmsys-kbimp-s43,lmsys-chatbot-arena,capped,3,4.02,1.00685,above-med,1,top3ens-total_run_time4.02h.csv,
20260818_233128_lmsys-kbimp-s43,lmsys-chatbot-arena,capped,4,4.27,1.00794,above-med,1,top4ens-total_run_time4.27h.csv,
20260818_233128_lmsys-kbimp-s43,lmsys-chatbot-arena,uncapped,1,0.09,1.01325,above-med,1,top1ens-total_run_time0.09h.csv,
20260818_233128_lmsys-kbimp-s43,lmsys-chatbot-arena,uncapped,2,0.17,1.01261,above-med,1,top2ens-total_run_time0.17h.csv,
20260818_233128_lmsys-kbimp-s43,lmsys-chatbot-arena,uncapped,3,4.02,1.00685,above-med,1,top3ens-total_run_time4.02h.csv,
20260818_233128_lmsys-kbimp-s43,lmsys-chatbot-arena,uncapped,4,4.27,1.00794,above-med,1,top4ens-total_run_time4.27h.csv,
20260823_083346_jigsaw-base-s45,jigsaw-toxic-comment-classification-challenge,capped,1,0.91,0.97397,-,0,top1ens-total_run_time0.91h.csv,
20260823_083346_jigsaw-base-s45,jigsaw-toxic-comment-classification-challenge,capped,2,1.79,0.97397,-,0,top2ens-total_run_time1.79h.csv,
20260823_083346_jigsaw-base-s45,jigsaw-toxic-comment-classification-challenge,capped,3,2.45,0.97437,-,0,top3ens-total_run_time2.45h.csv,
20260823_083346_jigsaw-base-s45,jigsaw-toxic-comment-classification-challenge,capped,4,4.42,0.97582,-,0,top4ens-total_run_time4.42h.csv,
20260823_083346_jigsaw-base-s45,jigsaw-toxic-comment-classification-challenge,uncapped,1,0.91,0.97397,-,0,top1ens-total_run_time0.91h.csv,
20260823_083346_jigsaw-base-s45,jigsaw-toxic-comment-classification-challenge,uncapped,2,1.79,0.97397,-,0,top2ens-total_run_time1.79h.csv,
20260823_083346_jigsaw-base-s45,jigsaw-toxic-comment-classification-challenge,uncapped,3,2.45,0.97437,-,0,top3ens-total_run_time2.45h.csv,
20260823_083346_jigsaw-base-s45,jigsaw-toxic-comment-classification-challenge,uncapped,4,4.42,0.97582,-,0,top4ens-total_run_time4.42h.csv,
20260823_083446_jigsaw-kb-s45,jigsaw-toxic-comment-classification-challenge,capped,1,1.03,0.98578,above-med,0,top1ens-total_run_time1.03h.csv,
20260823_083446_jigsaw-kb-s45,jigsaw-toxic-comment-classification-challenge,capped,2,1.67,0.98702,silver,0,top2ens-total_run_time1.67h.csv,
20260823_083446_jigsaw-kb-s45,jigsaw-toxic-comment-classification-challenge,capped,3,2.26,0.98602,above-med,0,top3ens-total_run_time2.26h.csv,
20260823_083446_jigsaw-kb-s45,jigsaw-toxic-comment-classification-challenge,capped,4,2.5,0.98495,above-med,0,top4ens-total_run_time2.5h.csv,
20260823_083446_jigsaw-kb-s45,jigsaw-toxic-comment-classification-challenge,uncapped,1,1.03,0.98578,above-med,0,top1ens-total_run_time1.03h.csv,
20260823_083446_jigsaw-kb-s45,jigsaw-toxic-comment-classification-challenge,uncapped,2,1.67,0.98702,silver,0,top2ens-total_run_time1.67h.csv,
20260823_083446_jigsaw-kb-s45,jigsaw-toxic-comment-classification-challenge,uncapped,3,2.26,0.98602,above-med,0,top3ens-total_run_time2.26h.csv,
20260823_083446_jigsaw-kb-s45,jigsaw-toxic-comment-classification-challenge,uncapped,4,2.5,0.98495,above-med,0,top4ens-total_run_time2.5h.csv,
20260823_084319_jigsaw-kbimp-s45,jigsaw-toxic-comment-classification-challenge,capped,1,8.67,0.98404,above-med,0,top1ens-total_run_time8.67h.csv,
20260823_084319_jigsaw-kbimp-s45,jigsaw-toxic-comment-classification-challenge,uncapped,1,8.67,0.98404,above-med,0,top1ens-total_run_time8.67h.csv,
20260823_084319_jigsaw-kbimp-s45,jigsaw-toxic-comment-classification-challenge,uncapped,2,10.54,0.9858,above-med,0,top2ens-total_run_time10.54h.csv,
20260823_084319_jigsaw-kbimp-s45,jigsaw-toxic-comment-classification-challenge,uncapped,3,12.06,0.98614,above-med,0,top3ens-total_run_time12.06h.csv,
20260823_084319_jigsaw-kbimp-s45,jigsaw-toxic-comment-classification-challenge,uncapped,4,12.24,0.98611,above-med,0,top4ens-total_run_time12.24h.csv,
20260823_084319_jigsaw-kbimp-s45,jigsaw-toxic-comment-classification-challenge,uncapped,5,12.43,0.98566,above-med,0,top5ens-total_run_time12.43h.csv,
20260823_084319_jigsaw-kbimp-s45,jigsaw-toxic-comment-classification-challenge,uncapped,6,12.59,0.9851,above-med,0,top6ens-total_run_time12.59h.csv,
20260823_084319_jigsaw-kbimp-s45,jigsaw-toxic-comment-classification-challenge,uncapped,7,13.17,0.98482,above-med,0,top7ens-total_run_time13.17h.csv,
20260823_085536_lmsys-kbimp-s44,lmsys-chatbot-arena,capped,1,0.27,1.03769,above-med,1,top1ens-total_run_time0.27h.csv,
20260823_085536_lmsys-kbimp-s44,lmsys-chatbot-arena,capped,2,0.4,1.03663,above-med,1,top2ens-total_run_time0.4h.csv,
20260823_085536_lmsys-kbimp-s44,lmsys-chatbot-arena,capped,3,0.51,1.0397,above-med,1,top3ens-total_run_time0.51h.csv,
20260823_085536_lmsys-kbimp-s44,lmsys-chatbot-arena,capped,4,1.33,1.03529,above-med,1,top4ens-total_run_time1.33h.csv,
20260823_085536_lmsys-kbimp-s44,lmsys-chatbot-arena,uncapped,1,0.27,1.03769,above-med,1,top1ens-total_run_time0.27h.csv,
20260823_085536_lmsys-kbimp-s44,lmsys-chatbot-arena,uncapped,2,0.4,1.03663,above-med,1,top2ens-total_run_time0.4h.csv,
20260823_085536_lmsys-kbimp-s44,lmsys-chatbot-arena,uncapped,3,0.51,1.0397,above-med,1,top3ens-total_run_time0.51h.csv,
20260823_085536_lmsys-kbimp-s44,lmsys-chatbot-arena,uncapped,4,1.33,1.03529,above-med,1,top4ens-total_run_time1.33h.csv,
20260823_085536_lmsys-kbimp-s44,lmsys-chatbot-arena,uncapped,5,1.71,1.03503,above-med,1,top5ens-total_run_time1.71h.csv,
20260825_015947_essay-kb-s45,learning-agency-lab-automated-essay-scoring-2,capped,1,1.88,0.83494,bronze,0,top1ens-total_run_time1.88h.csv,
20260825_015947_essay-kb-s45,learning-agency-lab-automated-essay-scoring-2,capped,2,3.71,0.83494,bronze,0,top2ens-total_run_time3.71h.csv,
20260825_015947_essay-kb-s45,learning-agency-lab-automated-essay-scoring-2,capped,3,5.54,0.83494,bronze,0,top3ens-total_run_time5.54h.csv,
20260825_015947_essay-kb-s45,learning-agency-lab-automated-essay-scoring-2,capped,4,5.89,0.83144,above-med,0,top4ens-total_run_time5.89h.csv,
20260825_015947_essay-kb-s45,learning-agency-lab-automated-essay-scoring-2,uncapped,10,13.65,0.83585,gold,0,top10ens-total_run_time13.65h.csv,
20260825_015947_essay-kb-s45,learning-agency-lab-automated-essay-scoring-2,uncapped,11,17.58,0.83581,silver,0,top11ens-total_run_time17.58h.csv,
20260825_015947_essay-kb-s45,learning-agency-lab-automated-essay-scoring-2,uncapped,12,18.76,0.83444,above-med,0,top12ens-total_run_time18.76h.csv,
20260825_015947_essay-kb-s45,learning-agency-lab-automated-essay-scoring-2,uncapped,1,1.88,0.83494,bronze,0,top1ens-total_run_time1.88h.csv,
20260825_015947_essay-kb-s45,learning-agency-lab-automated-essay-scoring-2,uncapped,2,3.71,0.83494,bronze,0,top2ens-total_run_time3.71h.csv,
20260825_015947_essay-kb-s45,learning-agency-lab-automated-essay-scoring-2,uncapped,3,5.54,0.83494,bronze,0,top3ens-total_run_time5.54h.csv,
20260825_015947_essay-kb-s45,learning-agency-lab-automated-essay-scoring-2,uncapped,4,5.89,0.83144,above-med,0,top4ens-total_run_time5.89h.csv,
20260825_015947_essay-kb-s45,learning-agency-lab-automated-essay-scoring-2,uncapped,5,6.17,0.83517,bronze,0,top5ens-total_run_time6.17h.csv,
20260825_015947_essay-kb-s45,learning-agency-lab-automated-essay-scoring-2,uncapped,6,10.03,0.83554,silver,0,top6ens-total_run_time10.03h.csv,
20260825_015947_essay-kb-s45,learning-agency-lab-automated-essay-scoring-2,uncapped,7,10.1,0.83755,gold,0,top7ens-total_run_time10.1h.csv,
20260825_015947_essay-kb-s45,learning-agency-lab-automated-essay-scoring-2,uncapped,8,10.17,0.83829,gold,0,top8ens-total_run_time10.17h.csv,
20260825_015947_essay-kb-s45,learning-agency-lab-automated-essay-scoring-2,uncapped,9,13.49,0.83788,gold,0,top9ens-total_run_time13.49h.csv,
20260825_021726_essay-base-s46,learning-agency-lab-automated-essay-scoring-2,capped,1,8.31,0.82663,-,0,top1ens-total_run_time8.31h.csv,
20260825_021726_essay-base-s46,learning-agency-lab-automated-essay-scoring-2,capped,2,8.42,0.82663,-,0,top2ens-total_run_time8.42h.csv,
20260825_021726_essay-base-s46,learning-agency-lab-automated-essay-scoring-2,capped,3,8.5,0.82663,-,0,top3ens-total_run_time8.5h.csv,
20260825_021726_essay-base-s46,learning-agency-lab-automated-essay-scoring-2,uncapped,1,8.31,0.82663,-,0,top1ens-total_run_time8.31h.csv,
20260825_021726_essay-base-s46,learning-agency-lab-automated-essay-scoring-2,uncapped,2,8.42,0.82663,-,0,top2ens-total_run_time8.42h.csv,
20260825_021726_essay-base-s46,learning-agency-lab-automated-essay-scoring-2,uncapped,3,8.5,0.82663,-,0,top3ens-total_run_time8.5h.csv,
20260825_022719_essay-kbimp-s45,learning-agency-lab-automated-essay-scoring-2,capped,1,6.19,0.81374,-,0,top1ens-total_run_time6.19h.csv,
20260825_022719_essay-kbimp-s45,learning-agency-lab-automated-essay-scoring-2,capped,2,6.34,0.81374,-,0,top2ens-total_run_time6.34h.csv,
20260825_022719_essay-kbimp-s45,learning-agency-lab-automated-essay-scoring-2,capped,3,6.91,0.81374,-,0,top3ens-total_run_time6.91h.csv,
20260825_022719_essay-kbimp-s45,learning-agency-lab-automated-essay-scoring-2,capped,4,7.07,0.8036,-,0,top4ens-total_run_time7.07h.csv,
20260825_022719_essay-kbimp-s45,learning-agency-lab-automated-essay-scoring-2,uncapped,1,6.19,0.81374,-,0,top1ens-total_run_time6.19h.csv,
20260825_022719_essay-kbimp-s45,learning-agency-lab-automated-essay-scoring-2,uncapped,2,6.34,0.81374,-,0,top2ens-total_run_time6.34h.csv,
20260825_022719_essay-kbimp-s45,learning-agency-lab-automated-essay-scoring-2,uncapped,3,6.91,0.81374,-,0,top3ens-total_run_time6.91h.csv,
20260825_022719_essay-kbimp-s45,learning-agency-lab-automated-essay-scoring-2,uncapped,4,7.07,0.8036,-,0,top4ens-total_run_time7.07h.csv,
20260825_022719_essay-kbimp-s45,learning-agency-lab-automated-essay-scoring-2,uncapped,5,7.13,0.80459,-,0,top5ens-total_run_time7.13h.csv,
20260825_022933_essay-kb-s46,learning-agency-lab-automated-essay-scoring-2,capped,1,3.59,0.80508,-,0,top1ens-total_run_time3.59h.csv,
20260825_022933_essay-kb-s46,learning-agency-lab-automated-essay-scoring-2,capped,2,7.38,0.80508,-,0,top2ens-total_run_time7.38h.csv,
20260825_022933_essay-kb-s46,learning-agency-lab-automated-essay-scoring-2,uncapped,1,3.59,0.80508,-,0,top1ens-total_run_time3.59h.csv,
20260825_022933_essay-kb-s46,learning-agency-lab-automated-essay-scoring-2,uncapped,2,7.38,0.80508,-,0,top2ens-total_run_time7.38h.csv,
20260825_022933_essay-kb-s46,learning-agency-lab-automated-essay-scoring-2,uncapped,3,9.01,0.80508,-,0,top3ens-total_run_time9.01h.csv,
20260825_022933_essay-kb-s46,learning-agency-lab-automated-essay-scoring-2,uncapped,4,11.08,0.80246,-,0,top4ens-total_run_time11.08h.csv,
20260825_023025_essay-kbimp-s46,learning-agency-lab-automated-essay-scoring-2,capped,1,1.17,0.82404,-,0,top1ens-total_run_time1.17h.csv,
20260825_023025_essay-kbimp-s46,learning-agency-lab-automated-essay-scoring-2,capped,2,2.39,0.82404,-,0,top2ens-total_run_time2.39h.csv,
20260825_023025_essay-kbimp-s46,learning-agency-lab-automated-essay-scoring-2,capped,3,3.62,0.82404,-,0,top3ens-total_run_time3.62h.csv,
20260825_023025_essay-kbimp-s46,learning-agency-lab-automated-essay-scoring-2,capped,4,5.04,0.82397,-,0,top4ens-total_run_time5.04h.csv,
20260825_023025_essay-kbimp-s46,learning-agency-lab-automated-essay-scoring-2,uncapped,1,1.17,0.82404,-,0,top1ens-total_run_time1.17h.csv,
20260825_023025_essay-kbimp-s46,learning-agency-lab-automated-essay-scoring-2,uncapped,2,2.39,0.82404,-,0,top2ens-total_run_time2.39h.csv,
20260825_023025_essay-kbimp-s46,learning-agency-lab-automated-essay-scoring-2,uncapped,3,3.62,0.82404,-,0,top3ens-total_run_time3.62h.csv,
20260825_023025_essay-kbimp-s46,learning-agency-lab-automated-essay-scoring-2,uncapped,4,5.04,0.82397,-,0,top4ens-total_run_time5.04h.csv,
20260825_023046_essay-base-s45,learning-agency-lab-automated-essay-scoring-2,capped,1,1.19,0.84282,gold,0,top1ens-total_run_time1.19h.csv,
20260825_023046_essay-base-s45,learning-agency-lab-automated-essay-scoring-2,capped,2,2.31,0.84282,gold,0,top2ens-total_run_time2.31h.csv,
20260825_023046_essay-base-s45,learning-agency-lab-automated-essay-scoring-2,capped,3,3.75,0.84282,gold,0,top3ens-total_run_time3.75h.csv,
20260825_023046_essay-base-s45,learning-agency-lab-automated-essay-scoring-2,capped,4,5.33,0.83916,gold,0,top4ens-total_run_time5.33h.csv,
20260825_023046_essay-base-s45,learning-agency-lab-automated-essay-scoring-2,uncapped,10,11.27,0.83513,bronze,0,top10ens-total_run_time11.27h.csv,
20260825_023046_essay-base-s45,learning-agency-lab-automated-essay-scoring-2,uncapped,11,15.14,0.83707,gold,0,top11ens-total_run_time15.14h.csv,
20260825_023046_essay-base-s45,learning-agency-lab-automated-essay-scoring-2,uncapped,1,1.19,0.84282,gold,0,top1ens-total_run_time1.19h.csv,
20260825_023046_essay-base-s45,learning-agency-lab-automated-essay-scoring-2,uncapped,2,2.31,0.84282,gold,0,top2ens-total_run_time2.31h.csv,
20260825_023046_essay-base-s45,learning-agency-lab-automated-essay-scoring-2,uncapped,3,3.75,0.84282,gold,0,top3ens-total_run_time3.75h.csv,
20260825_023046_essay-base-s45,learning-agency-lab-automated-essay-scoring-2,uncapped,4,5.33,0.83916,gold,0,top4ens-total_run_time5.33h.csv,
20260825_023046_essay-base-s45,learning-agency-lab-automated-essay-scoring-2,uncapped,5,6.85,0.83243,above-med,0,top5ens-total_run_time6.85h.csv,
20260825_023046_essay-base-s45,learning-agency-lab-automated-essay-scoring-2,uncapped,6,10.58,0.83352,above-med,0,top6ens-total_run_time10.58h.csv,
20260825_023046_essay-base-s45,learning-agency-lab-automated-essay-scoring-2,uncapped,7,10.67,0.8326,above-med,0,top7ens-total_run_time10.67h.csv,
20260825_023046_essay-base-s45,learning-agency-lab-automated-essay-scoring-2,uncapped,8,10.74,0.83241,above-med,0,top8ens-total_run_time10.74h.csv,
20260825_023046_essay-base-s45,learning-agency-lab-automated-essay-scoring-2,uncapped,9,11.18,0.83393,above-med,0,top9ens-total_run_time11.18h.csv,
